1,2,3,4,5,6,7,8,9,10,11,12,13,14,15,16,17,18,19,20,21,22,23,24,25,26
ID,provider,registration_location_code,data_year,Number of Physicians,female,male ,unk_sex,25-29,30-34,35-39,40-44,45-49,50-54,55-59,60-64,65-69,70+,<25,age_unk,Canadian grads,Interntl grads,Grad location UNK,rural,urban,geo_unk
2015All physiciansAlberta,All physicians,Alberta,2015,10019,3775,6244,0,351,1373,1397,1303,1286,1129,1110,963,553,489,1,64,6603,3346,70,735,9270,14
2015Family medicine physiciansAlberta,Family medicine physicians,Alberta,2015,5213,2175,3038,0,319,660,707,635,656,582,568,471,287,265,1,62,3032,2115,66,667,4537,9
2015SpecialistsAlberta,Specialists,Alberta,2015,4806,1600,3206,0,32,713,690,668,630,547,542,492,266,224,,2,3571,1231,4,68,4733,5
2015All physiciansBritish Columbia,All physicians,British Columbia,2015,10917,4001,6916,0,50,1067,1246,1277,1332,1538,1521,1290,942,654,,,7689,3226,2,601,10307,9
2015Family medicine physiciansBritish Columbia,Family medicine physicians,British Columbia,2015,5852,2387,3465,0,42,440,619,681,709,964,840,709,541,307,,,3889,1961,2,552,5295,5
2015SpecialistsBritish Columbia,Specialists,British Columbia,2015,5065,1614,3451,0,8,627,627,596,623,574,681,581,401,347,,,3800,1265,0,49,5012,4
2015All physiciansCanada,All physicians,Canada,2015,82198,32832,49365,1,,,,,,,,,,,,,60754,21057,387,6183,75955,60
2015Family medicine physiciansCanada,Family medicine physicians,Canada,2015,41551,18582,22968,1,,,,,,,,,,,,,29469,11869,213,5368,36146,37
2015SpecialistsCanada,Specialists,Canada,2015,40647,14250,26397,0,,,,,,,,,,,,,31285,9188,174,815,39809,23
2015All physiciansManitoba,All physicians,Manitoba,2015,2659,923,1735,1,11,262,323,351,368,329,368,278,185,174,,10,1732,916,11,317,2340,2
2015Family medicine physiciansManitoba,Family medicine physicians,Manitoba,2015,1386,519,866,1,10,123,155,173,219,194,202,144,77,81,,8,718,657,11,288,1096,2
2015SpecialistsManitoba,Specialists,Manitoba,2015,1273,404,869,0,1,139,168,178,149,135,166,134,108,93,,2,1014,259,0,29,1244,0
2015All physiciansNew Brunswick,All physicians,New Brunswick,2015,1674,639,1035,0,29,167,199,240,226,247,215,148,96,107,,,1255,417,2,281,1390,3
2015Family medicine physiciansNew Brunswick,Family medicine physicians,New Brunswick,2015,914,415,499,0,29,108,110,105,101,127,139,82,54,59,,,761,151,2,256,656,2
2015SpecialistsNew Brunswick,Specialists,New Brunswick,2015,760,224,536,0,,59,89,135,125,120,76,66,42,48,,,494,266,0,25,734,1
2015All physiciansNewfoundland and Labrador,All physicians,Newfoundland and Labrador,2015,1282,479,803,0,14,153,186,180,171,146,160,128,77,67,,,815,464,3,322,959,1
2015Family medicine physiciansNewfoundland and Labrador,Family medicine physicians,Newfoundland and Labrador,2015,666,266,400,0,14,83,85,110,93,57,80,65,41,38,,,412,252,2,244,421,1
2015SpecialistsNewfoundland and Labrador,Specialists,Newfoundland and Labrador,2015,616,213,403,0,,70,101,70,78,89,80,63,36,29,,,403,212,1,78,538,0
2015All physiciansNorthwest Territories,All physicians,Northwest Territories,2015,37,20,17,0,1,3,8,4,3,8,3,4,3,,,,30,7,0,8,29,0
2015Family medicine physiciansNorthwest Territories,Family medicine physicians,Northwest Territories,2015,30,19,11,0,1,2,8,3,3,7,2,1,3,,,,24,6,0,8,22,0
2015SpecialistsNorthwest Territories,Specialists,Northwest Territories,2015,7,1,6,0,,1,,1,,1,1,3,,,,,6,1,0,0,7,0
2015All physiciansNova Scotia,All physicians,Nova Scotia,2015,2465,943,1522,0,9,208,270,307,330,351,348,300,190,149,,3,1712,748,5,473,1990,2
2015Family medicine physiciansNova Scotia,Family medicine physicians,Nova Scotia,2015,1241,535,706,0,8,91,122,149,160,190,186,144,110,78,,3,865,371,5,333,907,1
2015SpecialistsNova Scotia,Specialists,Nova Scotia,2015,1224,408,816,0,1,117,148,158,170,161,162,156,80,71,,,847,377,0,140,1083,1
2015All physiciansNunavut,All physicians,Nunavut,2015,10,6,4,0,,3,1,1,1,1,1,2,,,,,9,1,0,10,0,0
2015Family medicine physiciansNunavut,Family medicine physicians,Nunavut,2015,9,5,4,0,,3,1,1,1,1,,2,,,,,8,1,0,9,0,0
2015SpecialistsNunavut,Specialists,Nunavut,2015,1,1,0,0,,,,,,,1,,,,,,1,0,0,1,0,0
2015All physiciansOntario,All physicians,Ontario,2015,30494,11694,18800,0,463,3514,3324,3555,3841,3722,3592,3445,2460,2565,,13,21792,8694,8,1317,29156,21
2015Family medicine physiciansOntario,Family medicine physicians,Ontario,2015,15077,6482,8595,0,322,1489,1670,1804,1903,2006,1824,1649,1229,1173,,8,10365,4704,8,1161,13902,14
2015SpecialistsOntario,Specialists,Ontario,2015,15417,5212,10205,0,141,2025,1654,1751,1938,1716,1768,1796,1231,1392,,5,11427,3990,0,156,15254,7
2015All physiciansPrince Edward Island,All physicians,Prince Edward Island,2015,266,85,181,0,2,19,21,32,36,25,40,40,19,20,,12,199,48,19,32,234,0
2015Family medicine physiciansPrince Edward Island,Family medicine physicians,Prince Edward Island,2015,147,57,90,0,2,9,15,18,18,15,15,22,12,10,,11,115,16,16,31,116,0
2015SpecialistsPrince Edward Island,Specialists,Prince Edward Island,2015,119,28,91,0,,10,6,14,18,10,25,18,7,10,,1,84,32,3,1,118,0
2015All physiciansQuebec,All physicians,Quebec,2015,20055,9455,10600,0,838,2517,2259,2120,2064,2558,2501,2185,1471,1294,,248,17805,1989,261,1775,18274,6
2015Family medicine physiciansQuebec,Family medicine physicians,Quebec,2015,9703,5216,4487,0,771,1024,908,901,941,1330,1333,1245,720,450,,80,8769,838,96,1511,8189,3
2015SpecialistsQuebec,Specialists,Quebec,2015,10352,4239,6113,0,67,1493,1351,1219,1123,1228,1168,940,751,844,,168,9036,1151,165,264,10085,3
2015All physiciansSaskatchewan,All physicians,Saskatchewan,2015,2241,773,1468,0,41,300,345,293,283,300,225,183,125,141,,5,1055,1181,5,302,1937,2
2015Family medicine physiciansSaskatchewan,Family medicine physicians,Saskatchewan,2015,1245,472,773,0,36,159,195,159,154,161,115,102,77,83,,4,462,779,4,298,947,0
2015SpecialistsSaskatchewan,Specialists,Saskatchewan,2015,996,301,695,0,5,141,150,134,129,139,110,81,48,58,,1,593,402,1,4,990,2
2015All physiciansYukon,All physicians,Yukon,2015,79,39,40,0,2,12,12,8,12,7,9,5,8,2,,2,58,20,1,10,69,0
2015Family medicine physiciansYukon,Family medicine physicians,Yukon,2015,68,34,34,0,2,10,11,7,9,7,8,5,5,2,,2,49,18,1,10,58,0
2015SpecialistsYukon,Specialists,Yukon,2015,11,5,6,0,,2,1,1,3,,1,,3,,,,9,2,0,0,11,0
2016All physiciansAlberta,All physicians,Alberta,2016,10294,3944,6350,0,301,1442,1481,1370,1321,1160,1094,989,606,516,1,13,6756,3526,12,754,9525,15
2016Family medicine physiciansAlberta,Family medicine physicians,Alberta,2016,5320,2245,3075,0,275,674,745,702,672,614,558,484,309,273,1,13,3024,2285,11,692,4619,9
2016SpecialistsAlberta,Specialists,Alberta,2016,4974,1699,3275,0,26,768,736,668,649,546,536,505,297,243,,,3732,1241,1,62,4906,6
2016All physiciansBritish Columbia,All physicians,British Columbia,2016,11547,4366,7181,0,147,1361,1457,1364,1340,1525,1513,1283,907,650,,,8146,3400,1,644,10894,9
2016Family medicine physiciansBritish Columbia,Family medicine physicians,British Columbia,2016,6189,2572,3617,0,127,555,734,713,711,947,859,698,521,324,,,4082,2106,1,591,5595,3
2016SpecialistsBritish Columbia,Specialists,British Columbia,2016,5358,1794,3564,0,20,806,723,651,629,578,654,585,386,326,,,4064,1294,0,53,5299,6
2016All physiciansCanada,All physicians,Canada,2016,84063,34221,49842,0,,,,,,,,,,,,,61981,21746,336,6216,77753,94
2016Family medicine physiciansCanada,Family medicine physicians,Canada,2016,42522,19316,23206,0,,,,,,,,,,,,,29899,12467,156,5394,37073,55
2016SpecialistsCanada,Specialists,Canada,2016,41541,14905,26636,0,,,,,,,,,,,,,32082,9279,180,822,40680,39
2016All physiciansManitoba,All physicians,Manitoba,2016,2748,979,1769,0,37,310,345,352,354,320,352,302,197,174,,5,1811,930,7,314,2432,2
2016Family medicine physiciansManitoba,Family medicine physicians,Manitoba,2016,1423,552,871,0,36,144,169,166,207,187,194,152,87,78,,3,746,671,6,283,1138,2
2016SpecialistsManitoba,Specialists,Manitoba,2016,1325,427,898,0,1,166,176,186,147,133,158,150,110,96,,2,1065,259,1,31,1294,0
2016All physiciansNew Brunswick,All physicians,New Brunswick,2016,1735,683,1052,0,50,181,187,244,233,253,214,160,103,110,,,1307,428,0,279,1454,2
2016Family medicine physiciansNew Brunswick,Family medicine physicians,New Brunswick,2016,960,448,512,0,45,114,102,110,109,126,135,95,61,63,,,796,164,0,260,698,2
2016SpecialistsNew Brunswick,Specialists,New Brunswick,2016,775,235,540,0,5,67,85,134,124,127,79,65,42,47,,,511,264,0,19,756,0
2016All physiciansNewfoundland and Labrador,All physicians,Newfoundland and Labrador,2016,1315,489,826,0,14,168,191,182,163,144,167,128,84,74,,,834,480,1,327,988,0
2016Family medicine physiciansNewfoundland and Labrador,Family medicine physicians,Newfoundland and Labrador,2016,682,267,415,0,13,87,90,108,91,63,79,63,47,41,,,408,273,1,244,438,0
2016SpecialistsNewfoundland and Labrador,Specialists,Newfoundland and Labrador,2016,633,222,411,0,1,81,101,74,72,81,88,65,37,33,,,426,207,0,83,550,0
2016All physiciansNorthwest Territories,All physicians,Northwest Territories,2016,33,16,17,0,,3,6,4,3,7,4,4,2,,,,25,8,0,6,27,0
2016Family medicine physiciansNorthwest Territories,Family medicine physicians,Northwest Territories,2016,25,15,10,0,,2,6,4,2,6,2,1,2,,,,19,6,0,6,19,0
2016SpecialistsNorthwest Territories,Specialists,Northwest Territories,2016,8,1,7,0,,1,,,1,1,2,3,,,,,6,2,0,0,8,0
2016All physiciansNova Scotia,All physicians,Nova Scotia,2016,2457,952,1505,0,24,207,264,305,310,333,352,284,208,169,,1,1698,758,1,468,1986,3
2016Family medicine physiciansNova Scotia,Family medicine physicians,Nova Scotia,2016,1215,533,682,0,19,92,124,134,145,179,191,134,106,90,,1,849,365,1,326,887,2
2016SpecialistsNova Scotia,Specialists,Nova Scotia,2016,1242,419,823,0,5,115,140,171,165,154,161,150,102,79,,,849,393,0,142,1099,1
2016All physiciansNunavut,All physicians,Nunavut,2016,8,6,2,0,,2,1,,1,1,1,2,,,,,6,2,0,8,0,0
2016Family medicine physiciansNunavut,Family medicine physicians,Nunavut,2016,7,5,2,0,,2,1,,1,1,1,1,,,,,5,2,0,7,0,0
2016SpecialistsNunavut,Specialists,Nunavut,2016,1,1,0,0,,,,,,,,1,,,,,1,0,0,1,0,0
2016All physiciansOntario,All physicians,Ontario,2016,31017,12114,18903,0,449,3653,3608,3444,3836,3806,3515,3468,2504,2723,,11,22019,8995,3,1312,29651,54
2016Family medicine physiciansOntario,Family medicine physicians,Ontario,2016,15417,6744,8673,0,369,1636,1769,1810,1891,2038,1805,1607,1247,1241,,4,10481,4933,3,1153,14233,31
2016SpecialistsOntario,Specialists,Ontario,2016,15600,5370,10230,0,80,2017,1839,1634,1945,1768,1710,1861,1257,1482,,7,11538,4062,0,159,15418,23
2016All physiciansPrince Edward Island,All physicians,Prince Edward Island,2016,279,86,193,0,,25,24,33,30,35,40,39,13,25,,15,211,46,22,34,245,0
2016Family medicine physiciansPrince Edward Island,Family medicine physicians,Prince Edward Island,2016,152,55,97,0,,13,13,18,13,23,17,21,7,12,,15,118,15,19,33,119,0
2016SpecialistsPrince Edward Island,Specialists,Prince Edward Island,2016,127,31,96,0,,12,11,15,17,12,23,18,6,13,,,93,31,3,1,126,0
2016All physiciansQuebec,All physicians,Quebec,2016,20270,9753,10517,0,888,2570,2341,2151,2052,2407,2488,2259,1471,1371,2,270,18024,1957,289,1784,18480,6
2016Family medicine physiciansQuebec,Family medicine physicians,Quebec,2016,9823,5365,4458,0,784,1093,947,901,951,1221,1342,1248,757,487,2,90,8863,846,114,1517,8301,5
2016SpecialistsQuebec,Specialists,Quebec,2016,10447,4388,6059,0,104,1477,1394,1250,1101,1186,1146,1011,714,884,,180,9161,1111,175,267,10179,1
2016All physiciansSaskatchewan,All physicians,Saskatchewan,2016,2282,795,1487,0,52,311,353,296,302,273,243,178,131,142,,1,1082,1200,0,276,2003,3
2016Family medicine physiciansSaskatchewan,Family medicine physicians,Saskatchewan,2016,1241,481,760,0,45,145,210,158,165,133,131,83,86,84,,1,454,787,0,272,968,1
2016SpecialistsSaskatchewan,Specialists,Saskatchewan,2016,1041,314,727,0,7,166,143,138,137,140,112,95,45,58,,,628,413,0,4,1035,2
2016All physiciansYukon,All physicians,Yukon,2016,78,38,40,0,3,16,13,5,8,9,9,6,5,3,,1,62,16,0,10,68,0
2016Family medicine physiciansYukon,Family medicine physicians,Yukon,2016,68,34,34,0,3,14,12,5,6,8,8,6,3,2,,1,54,14,0,10,58,0
2016SpecialistsYukon,Specialists,Yukon,2016,10,4,6,0,,2,1,,2,1,1,,2,1,,,8,2,0,0,10,0
2017All physiciansAlberta,All physicians,Alberta,2017,10680,4121,6559,0,222,1454,1581,1451,1358,1191,1075,1073,667,593,,15,6911,3756,13,775,9888,17
2017Family medicine physiciansAlberta,Family medicine physicians,Alberta,2017,5524,2352,3172,0,218,711,762,759,679,660,541,531,332,316,,15,3080,2431,13,707,4807,10
2017SpecialistsAlberta,Specialists,Alberta,2017,5156,1769,3387,0,4,743,819,692,679,531,534,542,335,277,,,3831,1325,0,68,5081,7
2017All physiciansBritish Columbia,All physicians,British Columbia,2017,11803,4491,7312,0,117,1225,1575,1344,1373,1473,1554,1379,957,806,,,8170,3632,1,670,11122,11
2017Family medicine physiciansBritish Columbia,Family medicine physicians,British Columbia,2017,6372,2659,3713,0,110,520,807,697,735,878,918,746,547,414,,,4098,2273,1,616,5750,6
2017SpecialistsBritish Columbia,Specialists,British Columbia,2017,5431,1832,3599,0,7,705,768,647,638,595,636,633,410,392,,,4072,1359,0,54,5372,5
2017All physiciansCanada,All physicians,Canada,2017,86643,35565,51078,0,,,,,,,,,,,,,63360,22849,434,6453,80032,158
2017Family medicine physiciansCanada,Family medicine physicians,Canada,2017,44191,20168,24023,0,,,,,,,,,,,,,30606,13313,272,5638,38467,86
2017SpecialistsCanada,Specialists,Canada,2017,42452,15397,27055,0,,,,,,,,,,,,,32754,9536,162,815,41565,72
2017All physiciansManitoba,All physicians,Manitoba,2017,2833,1025,1808,0,31,284,373,355,363,341,351,318,204,208,,5,1839,987,7,336,2490,7
2017Family medicine physiciansManitoba,Family medicine physicians,Manitoba,2017,1481,584,897,0,31,148,180,168,201,208,187,166,101,88,,3,765,710,6,304,1171,6
2017SpecialistsManitoba,Specialists,Manitoba,2017,1352,441,911,0,,136,193,187,162,133,164,152,103,120,,2,1074,277,1,32,1319,1
2017All physiciansNew Brunswick,All physicians,New Brunswick,2017,1797,706,1091,0,41,191,186,247,254,240,221,178,115,124,,,1339,458,0,285,1509,3
2017Family medicine physiciansNew Brunswick,Family medicine physicians,New Brunswick,2017,988,458,530,0,38,109,101,121,119,119,135,104,70,72,,,809,179,0,267,719,2
2017SpecialistsNew Brunswick,Specialists,New Brunswick,2017,809,248,561,0,3,82,85,126,135,121,86,74,45,52,,,530,279,0,18,790,1
2017All physiciansNewfoundland and Labrador,All physicians,Newfoundland and Labrador,2017,1347,500,847,0,7,140,211,172,183,144,165,150,88,87,,,835,510,2,351,995,1
2017Family medicine physiciansNewfoundland and Labrador,Family medicine physicians,Newfoundland and Labrador,2017,728,282,446,0,6,79,107,102,108,73,83,69,50,51,,,415,311,2,283,445,0
2017SpecialistsNewfoundland and Labrador,Specialists,Newfoundland and Labrador,2017,619,218,401,0,1,61,104,70,75,71,82,81,38,36,,,420,199,0,68,550,1
2017All physiciansNorthwest Territories,All physicians,Northwest Territories,2017,35,17,18,0,,4,7,3,3,6,6,3,3,,,,27,8,0,7,28,0
2017Family medicine physiciansNorthwest Territories,Family medicine physicians,Northwest Territories,2017,27,16,11,0,,4,6,3,2,6,3,1,2,,,,21,6,0,7,20,0
2017SpecialistsNorthwest Territories,Specialists,Northwest Territories,2017,8,1,7,0,,,1,,1,,3,2,1,,,,6,2,0,0,8,0
2017All physiciansNova Scotia,All physicians,Nova Scotia,2017,2455,956,1499,0,16,164,274,312,294,326,346,303,220,199,,1,1687,767,1,463,1982,10
2017Family medicine physiciansNova Scotia,Family medicine physicians,Nova Scotia,2017,1233,540,693,0,12,84,123,147,141,171,188,148,111,107,,1,848,384,1,324,904,5
2017SpecialistsNova Scotia,Specialists,Nova Scotia,2017,1222,416,806,0,4,80,151,165,153,155,158,155,109,92,,,839,383,0,139,1078,5
2017All physiciansNunavut,All physicians,Nunavut,2017,8,4,4,0,,3,1,,,,2,1,1,,,,6,2,0,8,0,0
2017Family medicine physiciansNunavut,Family medicine physicians,Nunavut,2017,6,3,3,0,,2,1,,,,2,,1,,,,4,2,0,6,0,0
2017SpecialistsNunavut,Specialists,Nunavut,2017,2,1,1,0,,1,,,,,,1,,,,,2,0,0,2,0,0
2017All physiciansOntario,All physicians,Ontario,2017,32055,12649,19406,0,381,3716,4066,3303,3908,3811,3510,3598,2646,3097,1,18,22606,9444,5,1351,30644,60
2017Family medicine physiciansOntario,Family medicine physicians,Ontario,2017,16088,7087,9001,0,364,1736,1899,1841,1953,2012,1852,1682,1287,1451,1,10,10794,5289,5,1197,14853,38
2017SpecialistsOntario,Specialists,Ontario,2017,15967,5562,10405,0,17,1980,2167,1462,1955,1799,1658,1916,1359,1646,,8,11812,4155,0,154,15791,22
2017All physiciansPrince Edward Island,All physicians,Prince Edward Island,2017,289,94,195,0,1,23,24,28,30,40,36,38,23,25,,21,217,44,28,37,252,0
2017Family medicine physiciansPrince Edward Island,Family medicine physicians,Prince Edward Island,2017,158,60,98,0,1,12,11,13,20,22,16,18,12,12,,21,116,17,25,36,122,0
2017SpecialistsPrince Edward Island,Specialists,Prince Edward Island,2017,131,34,97,0,,11,13,15,10,18,20,20,11,13,,,101,27,3,1,130,0
2017All physiciansQuebec,All physicians,Quebec,2017,20908,10138,10770,0,935,2619,2414,2181,2044,2283,2551,2333,1571,1618,1,358,18560,1971,377,1864,18996,48
2017Family medicine physiciansQuebec,Family medicine physicians,Quebec,2017,10200,5590,4610,0,818,1142,991,899,939,1132,1346,1289,851,597,1,195,9134,847,219,1589,8593,18
2017SpecialistsQuebec,Specialists,Quebec,2017,10708,4548,6160,0,117,1477,1423,1282,1105,1151,1205,1044,720,1021,,163,9426,1124,158,275,10403,30
2017All physiciansSaskatchewan,All physicians,Saskatchewan,2017,2356,828,1528,0,43,270,376,327,310,271,268,194,142,154,,1,1102,1254,0,297,2058,1
2017Family medicine physiciansSaskatchewan,Family medicine physicians,Saskatchewan,2017,1319,505,814,0,43,128,227,188,173,132,150,91,90,96,,1,469,850,0,293,1025,1
2017SpecialistsSaskatchewan,Specialists,Saskatchewan,2017,1037,323,714,0,,142,149,139,137,139,118,103,52,58,,,633,404,0,4,1033,0
2017All physiciansYukon,All physicians,Yukon,2017,77,36,41,0,2,15,13,6,7,8,10,6,6,3,,1,61,16,0,9,68,0
2017Family medicine physiciansYukon,Family medicine physicians,Yukon,2017,67,32,35,0,2,14,11,6,6,6,9,6,4,2,,1,53,14,0,9,58,0
2017SpecialistsYukon,Specialists,Yukon,2017,10,4,6,0,,1,2,,1,2,1,,2,1,,,8,2,0,0,10,0
2018All physiciansAlberta,All physicians,Alberta,2018,10806,4187,6619,0,231,1354,1562,1478,1384,1177,1087,1080,754,696,,3,7068,3738,0,755,10035,16
2018Family medicine physiciansAlberta,Family medicine physicians,Alberta,2018,5489,2347,3142,0,221,623,731,759,687,648,546,541,364,367,,2,3110,2379,0,686,4795,8
2018SpecialistsAlberta,Specialists,Alberta,2018,5317,1840,3477,0,10,731,831,719,697,529,541,539,390,329,,1,3958,1359,0,69,5240,8
2018All physiciansBritish Columbia,All physicians,British Columbia,2018,12553,4951,7602,0,396,1463,1684,1438,1394,1445,1526,1410,971,826,,,8743,3810,0,707,11828,18
2018Family medicine physiciansBritish Columbia,Family medicine physicians,British Columbia,2018,6721,2911,3810,0,354,565,839,752,741,816,919,767,538,430,,,4352,2369,0,656,6054,11
2018SpecialistsBritish Columbia,Specialists,British Columbia,2018,5832,2040,3792,0,42,898,845,686,653,629,607,643,433,396,,,4391,1441,0,51,5774,7
2018All physiciansCanada,All physicians,Canada,2018,89772,37830,51942,0,,,,,,,,,,,,,65633,23544,595,6629,82975,168
2018Family medicine physiciansCanada,Family medicine physicians,Canada,2018,45450,21200,24250,0,,,,,,,,,,,,,31517,13515,418,5777,39580,93
2018SpecialistsCanada,Specialists,Canada,2018,44322,16630,27692,0,,,,,,,,,,,,,34116,10029,177,852,43395,75
2018All physiciansManitoba,All physicians,Manitoba,2018,2918,1103,1815,0,92,346,389,340,368,356,344,311,203,169,,,1949,969,0,351,2559,8
2018Family medicine physiciansManitoba,Family medicine physicians,Manitoba,2018,1488,614,874,0,90,155,167,156,179,209,194,161,114,63,,,833,655,0,316,1164,8
2018SpecialistsManitoba,Specialists,Manitoba,2018,1430,489,941,0,2,191,222,184,189,147,150,150,89,106,,,1116,314,0,35,1395,0
2018All physiciansNew Brunswick,All physicians,New Brunswick,2018,1885,752,1133,0,57,199,201,241,255,258,220,185,127,142,,,1416,469,0,301,1578,6
2018Family medicine physiciansNew Brunswick,Family medicine physicians,New Brunswick,2018,1026,490,536,0,52,103,116,116,117,127,120,110,78,87,,,842,184,0,276,745,5
2018SpecialistsNew Brunswick,Specialists,New Brunswick,2018,859,262,597,0,5,96,85,125,138,131,100,75,49,55,,,574,285,0,25,833,1
2018All physiciansNewfoundland and Labrador,All physicians,Newfoundland and Labrador,2018,1414,547,867,0,34,152,220,186,198,153,156,139,95,81,,,910,504,0,345,1067,2
2018Family medicine physiciansNewfoundland and Labrador,Family medicine physicians,Newfoundland and Labrador,2018,724,293,431,0,33,67,110,100,116,73,69,61,50,45,,,437,287,0,263,460,1
2018SpecialistsNewfoundland and Labrador,Specialists,Newfoundland and Labrador,2018,690,254,436,0,1,85,110,86,82,80,87,78,45,36,,,473,217,0,82,607,1
2018All physiciansNorthwest Territories,All physicians,Northwest Territories,2018,41,23,18,0,,4,7,4,5,6,5,3,4,3,,,30,11,0,11,30,0
2018Family medicine physiciansNorthwest Territories,Family medicine physicians,Northwest Territories,2018,35,22,13,0,,4,6,4,4,6,4,1,3,3,,,26,9,0,11,24,0
2018SpecialistsNorthwest Territories,Specialists,Northwest Territories,2018,6,1,5,0,,,1,,1,,1,2,1,,,,4,2,0,0,6,0
2018All physiciansNova Scotia,All physicians,Nova Scotia,2018,2616,1029,1587,0,59,224,312,322,297,326,338,314,223,200,,1,1807,809,0,482,2123,11
2018Family medicine physiciansNova Scotia,Family medicine physicians,Nova Scotia,2018,1292,573,719,0,52,97,129,153,143,170,173,159,102,113,,1,892,400,0,333,950,9
2018SpecialistsNova Scotia,Specialists,Nova Scotia,2018,1324,456,868,0,7,127,183,169,154,156,165,155,121,87,,,915,409,0,149,1173,2
2018All physiciansNunavut,All physicians,Nunavut,2018,17,10,7,0,1,5,2,,2,2,2,2,1,,,,14,3,0,17,0,0
2018Family medicine physiciansNunavut,Family medicine physicians,Nunavut,2018,12,6,6,0,,4,2,,1,1,2,1,1,,,,9,3,0,12,0,0
2018SpecialistsNunavut,Specialists,Nunavut,2018,5,4,1,0,1,1,,,1,1,,1,,,,,5,0,0,5,0,0
2018All physiciansOntario,All physicians,Ontario,2018,33872,13814,20058,0,1229,4414,4315,3463,3983,3841,3558,3493,2627,2942,,7,23845,10027,0,1460,32316,96
2018Family medicine physiciansOntario,Family medicine physicians,Ontario,2018,16814,7597,9217,0,1004,1757,2005,1904,1982,1963,1917,1665,1228,1387,,2,11255,5559,0,1288,15479,47
2018SpecialistsOntario,Specialists,Ontario,2018,17058,6217,10841,0,225,2657,2310,1559,2001,1878,1641,1828,1399,1555,,5,12590,4468,0,172,16837,49
2018All physiciansPrince Edward Island,All physicians,Prince Edward Island,2018,305,103,202,0,7,25,28,30,31,34,36,40,25,27,,22,235,42,28,38,267,0
2018Family medicine physiciansPrince Edward Island,Family medicine physicians,Prince Edward Island,2018,174,65,109,0,7,13,13,18,20,21,18,20,13,12,,19,132,18,24,36,138,0
2018SpecialistsPrince Edward Island,Specialists,Prince Edward Island,2018,131,38,93,0,,12,15,12,11,13,18,20,12,15,,3,103,24,4,2,129,0
2018All physiciansQuebec,All physicians,Quebec,2018,20878,10424,10454,0,897,2712,2494,2197,2039,2199,2506,2316,1554,1421,,543,18431,1880,567,1859,19010,9
2018Family medicine physiciansQuebec,Family medicine physicians,Quebec,2018,10292,5755,4537,0,807,1199,1006,889,934,1038,1328,1268,864,589,,370,9103,795,394,1602,8686,4
2018SpecialistsQuebec,Specialists,Quebec,2018,10586,4669,5917,0,90,1513,1488,1308,1105,1161,1178,1048,690,832,,173,9328,1085,173,257,10324,5
2018All physiciansSaskatchewan,All physicians,Saskatchewan,2018,2390,850,1540,0,58,246,343,339,319,276,266,208,142,192,,1,1125,1265,0,295,2093,2
2018Family medicine physiciansSaskatchewan,Family medicine physicians,Saskatchewan,2018,1319,497,822,0,56,115,194,190,177,147,135,104,80,120,,1,477,842,0,290,1029,0
2018SpecialistsSaskatchewan,Specialists,Saskatchewan,2018,1071,353,718,0,2,131,149,149,142,129,131,104,62,72,,,648,423,0,5,1064,2
2018All physiciansYukon,All physicians,Yukon,2018,77,37,40,0,1,12,10,9,7,9,10,8,5,6,,,60,17,0,8,69,0
2018Family medicine physiciansYukon,Family medicine physicians,Yukon,2018,64,30,34,0,1,10,9,8,4,7,9,8,5,3,,,49,15,0,8,56,0
2018SpecialistsYukon,Specialists,Yukon,2018,13,7,6,0,,2,1,1,3,2,1,,,3,,,11,2,0,0,13,0
2019All physiciansAlberta,All physicians,Alberta,2019,11205,4407,6798,0,388,1401,1661,1559,1415,1294,1086,1040,737,620,,4,7252,3953,0,801,10386,18
2019Family medicine physiciansAlberta,Family medicine physicians,Alberta,2019,5599,2441,3158,0,376,568,777,762,704,676,535,528,350,321,,2,3148,2451,0,730,4859,10
2019SpecialistsAlberta,Specialists,Alberta,2019,5606,1966,3640,0,12,833,884,797,711,618,551,512,387,299,,2,4104,1502,0,71,5527,8
2019All physiciansBritish Columbia,All physicians,British Columbia,2019,12757,5139,7618,0,470,1414,1765,1460,1430,1443,1526,1373,1018,858,,,8845,3912,0,697,12030,30
2019Family medicine physiciansBritish Columbia,Family medicine physicians,British Columbia,2019,6687,2963,3724,0,440,537,811,741,729,770,919,751,532,457,,,4361,2326,0,639,6030,18
2019SpecialistsBritish Columbia,Specialists,British Columbia,2019,6070,2176,3894,0,30,877,954,719,701,673,607,622,486,401,,,4484,1586,0,58,6000,12
2019All physiciansCanada,All physicians,Canada,2019,91372,39150,52222,0,,,,,,,,,,,,,66568,23833,971,6678,84508,186
2019Family medicine physiciansCanada,Family medicine physicians,Canada,2019,46131,21927,24204,0,,,,,,,,,,,,,31680,13574,877,5823,40203,105
2019SpecialistsCanada,Specialists,Canada,2019,45241,17223,28018,0,,,,,,,,,,,,,34888,10259,94,855,44305,81
2019All physiciansManitoba,All physicians,Manitoba,2019,2979,1124,1855,0,148,344,377,350,359,359,313,324,210,195,,,2015,963,1,344,2625,10
2019Family medicine physiciansManitoba,Family medicine physicians,Manitoba,2019,1491,612,879,0,137,138,157,162,169,206,178,163,105,76,,,843,647,1,304,1180,7
2019SpecialistsManitoba,Specialists,Manitoba,2019,1488,512,976,0,11,206,220,188,190,153,135,161,105,119,,,1172,316,0,40,1445,3
2019All physiciansNew Brunswick,All physicians,New Brunswick,2019,1923,781,1142,0,75,176,202,223,267,234,248,198,130,168,,2,1445,476,2,305,1613,5
2019Family medicine physiciansNew Brunswick,Family medicine physicians,New Brunswick,2019,1058,507,551,0,73,96,113,112,116,111,132,124,76,104,,1,872,185,1,280,773,5
2019SpecialistsNew Brunswick,Specialists,New Brunswick,2019,865,274,591,0,2,80,89,111,151,123,116,74,54,64,,1,573,291,1,25,840,0
2019All physiciansNewfoundland and Labrador,All physicians,Newfoundland and Labrador,2019,1357,547,810,0,43,140,197,187,185,157,129,153,86,79,,1,890,467,0,326,1028,3
2019Family medicine physiciansNewfoundland and Labrador,Family medicine physicians,Newfoundland and Labrador,2019,692,290,402,0,42,58,102,86,113,76,56,73,44,42,,,432,260,0,249,442,1
2019SpecialistsNewfoundland and Labrador,Specialists,Newfoundland and Labrador,2019,665,257,408,0,1,82,95,101,72,81,73,80,42,37,,1,458,207,0,77,586,2
2019All physiciansNorthwest Territories,All physicians,Northwest Territories,2019,44,27,17,0,3,6,6,3,5,5,5,2,6,3,,,34,10,0,12,32,0
2019Family medicine physiciansNorthwest Territories,Family medicine physicians,Northwest Territories,2019,37,26,11,0,3,5,5,3,4,5,4,2,3,3,,,29,8,0,12,25,0
2019SpecialistsNorthwest Territories,Specialists,Northwest Territories,2019,7,1,6,0,,1,1,,1,,1,,3,,,,5,2,0,0,7,0
2019All physiciansNova Scotia,All physicians,Nova Scotia,2019,2624,1079,1545,0,92,234,312,306,297,308,324,317,232,200,,2,1909,712,3,480,2134,10
2019Family medicine physiciansNova Scotia,Family medicine physicians,Nova Scotia,2019,1295,597,698,0,88,76,128,137,147,155,178,163,101,120,,2,944,349,2,337,952,6
2019SpecialistsNova Scotia,Specialists,Nova Scotia,2019,1329,482,847,0,4,158,184,169,150,153,146,154,131,80,,,965,363,1,143,1182,4
2019All physiciansNunavut,All physicians,Nunavut,2019,21,9,12,0,1,6,3,,2,2,3,3,1,,,,17,4,0,21,0,0
2019Family medicine physiciansNunavut,Family medicine physicians,Nunavut,2019,17,6,11,0,1,4,3,,1,2,3,2,1,,,,13,4,0,17,0,0
2019SpecialistsNunavut,Specialists,Nunavut,2019,4,3,1,0,,2,,,1,,,1,,,,,4,0,0,4,0,0
2019All physiciansOntario,All physicians,Ontario,2019,34091,14100,19991,0,1312,4348,4416,3570,3876,3900,3602,3442,2733,2879,1,12,23934,10157,0,1447,32536,108
2019Family medicine physiciansOntario,Family medicine physicians,Ontario,2019,16863,7747,9116,0,1217,1668,2000,1907,1933,1991,1934,1673,1277,1258,1,4,11197,5666,0,1280,15527,56
2019SpecialistsOntario,Specialists,Ontario,2019,17228,6353,10875,0,95,2680,2416,1663,1943,1909,1668,1769,1456,1621,,8,12737,4491,0,167,17009,52
2019All physiciansPrince Edward Island,All physicians,Prince Edward Island,2019,323,107,216,0,8,26,31,34,32,33,32,41,28,31,,27,239,52,32,37,286,0
2019Family medicine physiciansPrince Edward Island,Family medicine physicians,Prince Edward Island,2019,176,68,108,0,8,10,16,21,15,21,13,20,15,17,,20,131,21,24,36,140,0
2019SpecialistsPrince Edward Island,Specialists,Prince Edward Island,2019,147,39,108,0,,16,15,13,17,12,19,21,13,14,,7,108,31,8,1,146,0
2019All physiciansQuebec,All physicians,Quebec,2019,21485,10875,10610,0,811,2639,2695,2222,2099,2117,2490,2321,1663,1519,1,908,18702,1850,933,1925,19560,0
2019Family medicine physiciansQuebec,Family medicine physicians,Quebec,2019,10786,6106,4680,0,721,1223,1058,930,920,981,1311,1236,936,648,1,821,9131,806,849,1660,9126,0
2019SpecialistsQuebec,Specialists,Quebec,2019,10699,4769,5930,0,90,1416,1637,1292,1179,1136,1179,1085,727,871,,87,9571,1044,84,265,10434,0
2019All physiciansSaskatchewan,All physicians,Saskatchewan,2019,2484,915,1569,0,100,273,332,337,307,278,279,216,156,205,,1,1223,1261,0,276,2206,2
2019Family medicine physiciansSaskatchewan,Family medicine physicians,Saskatchewan,2019,1363,531,832,0,98,105,177,186,171,159,144,104,88,130,,1,527,836,0,272,1089,2
2019SpecialistsSaskatchewan,Specialists,Saskatchewan,2019,1121,384,737,0,2,168,155,151,136,119,135,112,68,75,,,696,425,0,4,1117,0
2019All physiciansYukon,All physicians,Yukon,2019,79,40,39,0,1,11,11,10,8,9,8,7,6,8,,,63,16,0,7,72,0
2019Family medicine physiciansYukon,Family medicine physicians,Yukon,2019,67,33,34,0,1,10,9,9,5,8,7,7,6,5,,,52,15,0,7,60,0
2019SpecialistsYukon,Specialists,Yukon,2019,12,7,5,0,,1,2,1,3,1,1,,,3,,,11,1,0,0,12,0
2020All physiciansAlberta,All physicians,Alberta,2020,11197,4531,6665,1,382,1420,1658,1609,1411,1332,1120,981,738,530,,16,7354,3833,10,770,10406,21
2020Family medicine physiciansAlberta,Family medicine physicians,Alberta,2020,5496,2474,3021,1,355,572,749,782,691,671,560,496,352,256,,12,3150,2338,8,701,4784,11
2020SpecialistsAlberta,Specialists,Alberta,2020,5701,2057,3644,0,27,848,909,827,720,661,560,485,386,274,,4,4204,1495,2,69,5622,10
2020All physiciansBritish Columbia,All physicians,British Columbia,2020,13073,5352,7721,0,483,1607,1883,1542,1438,1413,1526,1378,962,839,,2,9061,4012,0,692,12354,27
2020Family medicine physiciansBritish Columbia,Family medicine physicians,British Columbia,2020,6884,3101,3783,0,452,701,853,796,716,726,928,761,508,441,,2,4436,2448,0,637,6232,15
2020SpecialistsBritish Columbia,Specialists,British Columbia,2020,6189,2251,3938,0,31,906,1030,746,722,687,598,617,454,398,,,4625,1564,0,55,6122,12
2020All physiciansCanada,All physicians,Canada,2020,92173,40305,51867,1,,,,,,,,,,,,,66956,23736,1481,6679,85302,192
2020Family medicine physiciansCanada,Family medicine physicians,Canada,2020,46797,22680,24116,1,,,,,,,,,,,,,31753,13720,1324,5789,40904,104
2020SpecialistsCanada,Specialists,Canada,2020,45376,17625,27751,0,,,,,,,,,,,,,35203,10016,157,890,44398,88
2020All physiciansManitoba,All physicians,Manitoba,2020,2987,1135,1852,0,143,370,398,349,343,364,300,318,208,190,,4,2041,945,1,328,2646,13
2020Family medicine physiciansManitoba,Family medicine physicians,Manitoba,2020,1494,616,878,0,133,157,165,170,152,200,172,168,105,70,,2,857,637,0,284,1203,7
2020SpecialistsManitoba,Specialists,Manitoba,2020,1493,519,974,0,10,213,233,179,191,164,128,150,103,120,,2,1184,308,1,44,1443,6
2020All physiciansNew Brunswick,All physicians,New Brunswick,2020,1949,814,1135,0,71,188,237,205,267,242,237,201,128,170,,3,1465,483,1,307,1634,8
2020Family medicine physiciansNew Brunswick,Family medicine physicians,New Brunswick,2020,1072,530,542,0,71,108,125,105,120,106,126,129,72,109,,1,876,196,0,283,785,4
2020SpecialistsNew Brunswick,Specialists,New Brunswick,2020,877,284,593,0,,80,112,100,147,136,111,72,56,61,,2,589,287,1,24,849,4
2020All physiciansNewfoundland and Labrador,All physicians,Newfoundland and Labrador,2020,1361,568,793,0,44,140,195,195,172,168,133,142,93,77,,2,907,454,0,327,1030,4
2020Family medicine physiciansNewfoundland and Labrador,Family medicine physicians,Newfoundland and Labrador,2020,684,301,383,0,44,60,90,86,108,88,56,63,51,37,,1,442,242,0,242,440,2
2020SpecialistsNewfoundland and Labrador,Specialists,Newfoundland and Labrador,2020,677,267,410,0,,80,105,109,64,80,77,79,42,40,,1,465,212,0,85,590,2
2020All physiciansNorthwest Territories,All physicians,Northwest Territories,2020,52,31,21,0,3,6,8,6,7,5,6,2,6,3,,,40,12,0,11,41,0
2020Family medicine physiciansNorthwest Territories,Family medicine physicians,Northwest Territories,2020,40,26,14,0,2,4,6,6,5,4,5,2,3,3,,,32,8,0,11,29,0
2020SpecialistsNorthwest Territories,Specialists,Northwest Territories,2020,12,5,7,0,1,2,2,,2,1,1,,3,,,,8,4,0,0,12,0
2020All physiciansNova Scotia,All physicians,Nova Scotia,2020,2719,1126,1593,0,103,265,319,322,313,308,329,310,233,207,,10,1930,784,5,487,2212,20
2020Family medicine physiciansNova Scotia,Family medicine physicians,Nova Scotia,2020,1365,632,733,0,100,102,141,144,157,146,187,161,105,114,,8,951,410,4,336,1021,8
2020SpecialistsNova Scotia,Specialists,Nova Scotia,2020,1354,494,860,0,3,163,178,178,156,162,142,149,128,93,,2,979,374,1,151,1191,12
2020All physiciansNunavut,All physicians,Nunavut,2020,25,11,14,0,3,6,6,,1,2,4,3,,,,,21,4,0,25,0,0
2020Family medicine physiciansNunavut,Family medicine physicians,Nunavut,2020,21,8,13,0,3,4,6,,1,1,4,2,,,,,17,4,0,21,0,0
2020SpecialistsNunavut,Specialists,Nunavut,2020,4,3,1,0,,2,,,,1,,1,,,,,4,0,0,4,0,0
2020All physiciansOntario,All physicians,Ontario,2020,33830,14291,19539,0,1193,4370,4509,3665,3801,3916,3703,3289,2784,2589,,11,23743,10085,2,1449,32285,96
2020Family medicine physiciansOntario,Family medicine physicians,Ontario,2020,16990,7944,9046,0,1116,1999,2027,1897,1936,1946,1984,1644,1284,1150,,7,11241,5748,1,1277,15659,54
2020SpecialistsOntario,Specialists,Ontario,2020,16840,6347,10493,0,77,2371,2482,1768,1865,1970,1719,1645,1500,1439,,4,12502,4337,1,172,16626,42
2020All physiciansPrince Edward Island,All physicians,Prince Edward Island,2020,322,107,215,0,8,28,41,28,33,33,31,28,29,24,,39,226,52,44,35,287,0
2020Family medicine physiciansPrince Edward Island,Family medicine physicians,Prince Edward Island,2020,175,65,110,0,7,12,19,17,19,19,17,12,15,14,,24,126,20,29,34,141,0
2020SpecialistsPrince Edward Island,Specialists,Prince Edward Island,2020,147,42,105,0,1,16,22,11,14,14,14,16,14,10,,15,100,32,15,1,146,0
2020All physiciansQuebec,All physicians,Quebec,2020,22038,11321,10717,0,378,2848,2840,2295,2134,2051,2467,2271,1753,1605,,1396,18811,1813,1414,1965,20073,0
2020Family medicine physiciansQuebec,Family medicine physicians,Quebec,2020,11098,6379,4719,0,331,1463,1087,942,917,937,1282,1200,976,710,,1253,9029,791,1278,1684,9414,0
2020SpecialistsQuebec,Specialists,Quebec,2020,10940,4942,5998,0,47,1385,1753,1353,1217,1114,1185,1071,777,895,,143,9782,1022,136,281,10659,0
2020All physiciansSaskatchewan,All physicians,Saskatchewan,2020,2535,973,1562,0,115,319,325,367,319,279,289,215,137,165,,5,1288,1243,4,274,2258,3
2020Family medicine physiciansSaskatchewan,Family medicine physicians,Saskatchewan,2020,1407,568,839,0,103,127,148,214,189,151,169,124,80,97,,5,540,863,4,270,1134,3
2020SpecialistsSaskatchewan,Specialists,Saskatchewan,2020,1128,405,723,0,12,192,177,153,130,128,120,91,57,68,,,748,380,0,4,1124,0
2020All physiciansYukon,All physicians,Yukon,2020,85,45,40,0,1,12,15,10,8,9,7,8,6,9,,,69,16,0,9,76,0
2020Family medicine physiciansYukon,Family medicine physicians,Yukon,2020,71,36,35,0,1,10,12,9,6,7,7,7,6,6,,,56,15,0,9,62,0
2020SpecialistsYukon,Specialists,Yukon,2020,14,9,5,0,,2,3,1,2,2,,1,,3,,,13,1,0,0,14,0
2021All physiciansAlberta,All physicians,Alberta,2021,11085,4550,6535,0,330,1448,1596,1600,1443,1355,1135,935,719,520,,4,7277,3806,2,779,10284,22
2021Family medicine physiciansAlberta,Family medicine physicians,Alberta,2021,5423,2468,2955,0,318,608,710,757,707,672,584,463,358,245,,1,3098,2324,1,697,4718,8
2021SpecialistsAlberta,Specialists,Alberta,2021,5662,2082,3580,0,12,840,886,843,736,683,551,472,361,275,,3,4179,1482,1,82,5566,14
2021All physiciansBritish Columbia,All physicians,British Columbia,2021,13540,5643,7897,0,483,1764,1890,1683,1480,1379,1520,1410,1032,896,,3,9381,4158,1,718,12801,21
2021Family medicine physiciansBritish Columbia,Family medicine physicians,British Columbia,2021,7118,3244,3874,0,447,847,804,856,746,697,901,806,537,475,,2,4555,2563,0,652,6455,11
2021SpecialistsBritish Columbia,Specialists,British Columbia,2021,6422,2399,4023,0,36,917,1086,827,734,682,619,604,495,421,,1,4826,1595,1,66,6346,10
2021All physiciansCanada,All physicians,Canada,2021,94119,41755,52364,0,,,,,,,,,,,,,67806,24226,2087,6790,87134,195
2021Family medicine physiciansCanada,Family medicine physicians,Canada,2021,47449,23298,24151,0,,,,,,,,,,,,,31705,13946,1798,5880,41467,102
2021SpecialistsCanada,Specialists,Canada,2021,46670,18457,28213,0,,,,,,,,,,,,,36101,10280,289,910,45667,93
2021All physiciansManitoba,All physicians,Manitoba,2021,2996,1141,1855,0,108,398,398,371,348,348,298,301,225,196,,5,2044,951,1,337,2648,11
2021Family medicine physiciansManitoba,Family medicine physicians,Manitoba,2021,1505,609,896,0,105,173,163,179,156,192,170,161,119,83,,4,850,654,1,296,1203,6
2021SpecialistsManitoba,Specialists,Manitoba,2021,1491,532,959,0,3,225,235,192,192,156,128,140,106,113,,1,1194,297,0,41,1445,5
2021All physiciansNew Brunswick,All physicians,New Brunswick,2021,2022,853,1169,0,75,218,235,206,258,247,251,204,144,182,,2,1502,518,2,314,1706,2
2021Family medicine physiciansNew Brunswick,Family medicine physicians,New Brunswick,2021,1103,556,547,0,75,124,122,108,114,111,121,126,85,116,,1,897,205,1,291,810,2
2021SpecialistsNew Brunswick,Specialists,New Brunswick,2021,919,297,622,0,,94,113,98,144,136,130,78,59,66,,1,605,313,1,23,896,0
2021All physiciansNewfoundland and Labrador,All physicians,Newfoundland and Labrador,2021,1378,576,802,0,41,131,199,197,166,177,132,146,97,90,,2,931,447,0,327,1045,6
2021Family medicine physiciansNewfoundland and Labrador,Family medicine physicians,Newfoundland and Labrador,2021,695,309,386,0,41,61,89,88,98,100,61,61,46,49,,1,455,240,0,242,449,4
2021SpecialistsNewfoundland and Labrador,Specialists,Newfoundland and Labrador,2021,683,267,416,0,,70,110,109,68,77,71,85,51,41,,1,476,207,0,85,596,2
2021All physiciansNorthwest Territories,All physicians,Northwest Territories,2021,53,33,20,0,1,10,7,5,6,7,6,2,6,3,,,41,12,0,12,41,0
2021Family medicine physiciansNorthwest Territories,Family medicine physicians,Northwest Territories,2021,42,29,13,0,1,8,5,5,5,5,5,2,3,3,,,34,8,0,12,30,0
2021SpecialistsNorthwest Territories,Specialists,Northwest Territories,2021,11,4,7,0,,2,2,,1,2,1,,3,,,,7,4,0,0,11,0
2021All physiciansNova Scotia,All physicians,Nova Scotia,2021,2736,1157,1579,0,106,305,330,318,326,289,316,305,215,224,,2,1926,810,0,482,2236,18
2021Family medicine physiciansNova Scotia,Family medicine physicians,Nova Scotia,2021,1374,646,728,0,105,124,141,152,162,134,177,158,97,122,,2,930,444,0,335,1028,11
2021SpecialistsNova Scotia,Specialists,Nova Scotia,2021,1362,511,851,0,1,181,189,166,164,155,139,147,118,102,,,996,366,0,147,1208,7
2021All physiciansNunavut,All physicians,Nunavut,2021,22,11,11,0,3,2,7,,,3,4,1,2,,,,18,4,0,22,0,0
2021Family medicine physiciansNunavut,Family medicine physicians,Nunavut,2021,18,8,10,0,3,,7,,,2,4,1,1,,,,14,4,0,18,0,0
2021SpecialistsNunavut,Specialists,Nunavut,2021,4,3,1,0,,2,,,,1,,,1,,,,4,0,0,4,0,0
2021All physiciansOntario,All physicians,Ontario,2021,34860,14950,19910,0,1171,4827,4671,3933,3654,3918,3783,3260,2838,2791,,14,24401,10457,2,1499,33255,106
2021Family medicine physiciansOntario,Family medicine physicians,Ontario,2021,17220,8152,9068,0,1085,2053,2048,1975,1910,1931,2016,1655,1272,1268,,7,11322,5897,1,1322,15844,54
2021SpecialistsOntario,Specialists,Ontario,2021,17640,6798,10842,0,86,2774,2623,1958,1744,1987,1767,1605,1566,1523,,7,13079,4560,1,177,17411,52
2021All physiciansPrince Edward Island,All physicians,Prince Edward Island,2021,344,120,224,0,3,44,42,35,34,27,36,31,26,26,,40,241,59,44,33,308,3
2021Family medicine physiciansPrince Edward Island,Family medicine physicians,Prince Edward Island,2021,186,75,111,0,3,23,16,20,21,15,23,12,12,15,,26,131,25,30,33,151,2
2021SpecialistsPrince Edward Island,Specialists,Prince Edward Island,2021,158,45,113,0,,21,26,15,13,12,13,19,14,11,,14,110,34,14,0,157,1
2021All physiciansQuebec,All physicians,Quebec,2021,22451,11682,10769,0,109,2814,2900,2356,2174,2044,2326,2236,1781,1693,,2018,18649,1767,2035,1994,20452,5
2021Family medicine physiciansQuebec,Family medicine physicians,Quebec,2021,11334,6601,4733,0,89,1462,1125,950,910,946,1190,1188,974,759,,1741,8813,757,1764,1713,9618,3
2021SpecialistsQuebec,Specialists,Quebec,2021,11117,5081,6036,0,20,1352,1775,1406,1264,1098,1136,1048,807,934,,277,9836,1010,271,281,10834,2
2021All physiciansSaskatchewan,All physicians,Saskatchewan,2021,2547,994,1553,0,77,332,343,355,329,289,263,236,147,171,,5,1326,1221,0,264,2282,1
2021Family medicine physiciansSaskatchewan,Family medicine physicians,Saskatchewan,2021,1360,565,795,0,73,140,142,211,196,162,132,130,66,105,,3,550,810,0,260,1099,1
2021SpecialistsSaskatchewan,Specialists,Saskatchewan,2021,1187,429,758,0,4,192,201,144,133,127,131,106,81,66,,2,776,411,0,4,1183,0
2021All physiciansYukon,All physicians,Yukon,2021,85,45,40,0,,10,16,12,6,8,9,8,7,9,,,69,16,0,9,76,0
2021Family medicine physiciansYukon,Family medicine physicians,Yukon,2021,71,36,35,0,,9,12,11,4,7,8,7,7,6,,,56,15,0,9,62,0
2021SpecialistsYukon,Specialists,Yukon,2021,14,9,5,0,,1,4,1,2,1,1,1,,3,,,13,1,0,0,14,0
2022All physiciansAlberta,All physicians,Alberta,2022,11078,4576,6502,0,241,1376,1628,1625,1474,1372,1127,912,761,558,,4,7238,3839,1,749,10305,24
2022Family medicine physiciansAlberta,Family medicine physicians,Alberta,2022,5417,2469,2948,0,232,614,711,756,739,676,593,452,381,262,,1,3064,2353,0,678,4727,12
2022SpecialistsAlberta,Specialists,Alberta,2022,5661,2107,3554,0,9,762,917,869,735,696,534,460,380,296,,3,4174,1486,1,71,5578,12
2022All physiciansBritish Columbia,All physicians,British Columbia,2022,14353,6089,8264,0,515,1962,1995,1830,1501,1416,1502,1471,1134,1023,,4,9857,4495,1,737,13597,19
2022Family medicine physiciansBritish Columbia,Family medicine physicians,British Columbia,2022,7523,3481,4042,0,480,987,789,931,758,714,862,852,612,536,,2,4750,2773,0,667,6848,8
2022SpecialistsBritish Columbia,Specialists,British Columbia,2022,6830,2608,4222,0,35,975,1206,899,743,702,640,619,522,487,,2,5107,1722,1,70,6749,11
2022All physiciansCanada,All physicians,Canada,2022,96020,43216,52803,1,,,,,,,,,,,,,68293,24999,2728,6855,88965,200
2022Family medicine physiciansCanada,Family medicine physicians,Canada,2022,48292,24019,24272,1,,,,,,,,,,,,,31733,14334,2225,5963,42229,100
2022SpecialistsCanada,Specialists,Canada,2022,47728,19197,28531,0,,,,,,,,,,,,,36560,10665,503,892,46736,100
2022All physiciansManitoba,All physicians,Manitoba,2022,3031,1192,1839,0,121,406,403,404,352,340,310,289,215,189,,2,2045,985,1,355,2666,10
2022Family medicine physiciansManitoba,Family medicine physicians,Manitoba,2022,1570,655,915,0,120,198,175,199,157,178,186,151,115,89,,2,879,690,1,318,1248,4
2022SpecialistsManitoba,Specialists,Manitoba,2022,1461,537,924,0,1,208,228,205,195,162,124,138,100,100,,,1166,295,0,37,1418,6
2022All physiciansNew Brunswick,All physicians,New Brunswick,2022,2163,923,1240,0,87,237,267,216,277,269,249,212,153,193,,3,1593,567,3,333,1828,2
2022Family medicine physiciansNew Brunswick,Family medicine physicians,New Brunswick,2022,1124,573,551,0,87,135,111,109,123,119,115,118,85,121,,1,908,215,1,304,818,2
2022SpecialistsNew Brunswick,Specialists,New Brunswick,2022,1039,350,689,0,,102,156,107,154,150,134,94,68,72,,2,685,352,2,29,1010,0
2022All physiciansNewfoundland and Labrador,All physicians,Newfoundland and Labrador,2022,1415,614,801,0,49,149,197,195,158,170,134,143,112,106,,2,1003,412,0,294,1114,7
2022Family medicine physiciansNewfoundland and Labrador,Family medicine physicians,Newfoundland and Labrador,2022,702,334,368,0,48,65,81,91,84,90,61,64,52,65,,1,488,214,0,217,481,4
2022SpecialistsNewfoundland and Labrador,Specialists,Newfoundland and Labrador,2022,713,280,433,0,1,84,116,104,74,80,73,79,60,41,,1,515,198,0,77,633,3
2022All physiciansNorthwest Territories,All physicians,Northwest Territories,2022,57,36,21,0,,9,8,8,4,7,7,4,5,5,,,44,13,0,13,44,0
2022Family medicine physiciansNorthwest Territories,Family medicine physicians,Northwest Territories,2022,45,31,14,0,,7,7,6,3,5,7,3,2,5,,,36,9,0,13,32,0
2022SpecialistsNorthwest Territories,Specialists,Northwest Territories,2022,12,5,7,0,,2,1,2,1,2,,1,3,,,,8,4,0,0,12,0
2022All physiciansNova Scotia,All physicians,Nova Scotia,2022,2758,1203,1554,1,110,310,332,327,345,290,303,302,219,214,,6,1963,789,6,483,2247,28
2022Family medicine physiciansNova Scotia,Family medicine physicians,Nova Scotia,2022,1346,654,691,1,106,132,129,138,169,134,164,156,101,114,,3,936,407,3,336,995,15
2022SpecialistsNova Scotia,Specialists,Nova Scotia,2022,1412,549,863,0,4,178,203,189,176,156,139,146,118,100,,3,1027,382,3,147,1252,13
2022All physiciansNunavut,All physicians,Nunavut,2022,29,15,14,0,2,6,7,1,1,1,4,4,2,,,1,22,6,1,29,0,0
2022Family medicine physiciansNunavut,Family medicine physicians,Nunavut,2022,25,12,13,0,2,4,6,1,1,1,4,4,1,,,1,18,6,1,25,0,0
2022SpecialistsNunavut,Specialists,Nunavut,2022,4,3,1,0,,2,1,,,,,,1,,,,4,0,0,4,0,0
2022All physiciansOntario,All physicians,Ontario,2022,35320,15312,20008,0,1064,4895,4849,4326,3498,3989,3760,3255,2836,2828,,20,24486,10824,10,1463,33756,101
2022Family medicine physiciansOntario,Family medicine physicians,Ontario,2022,17416,8323,9093,0,1001,2267,2006,2034,1890,1984,1967,1703,1293,1263,,8,11361,6053,2,1297,16070,49
2022SpecialistsOntario,Specialists,Ontario,2022,17904,6989,10915,0,63,2628,2843,2292,1608,2005,1793,1552,1543,1565,,12,13125,4771,8,166,17686,52
2022All physiciansPrince Edward Island,All physicians,Prince Edward Island,2022,356,133,223,0,8,36,38,42,31,33,37,32,25,26,,48,246,57,53,38,315,3
2022Family medicine physiciansPrince Edward Island,Family medicine physicians,Prince Edward Island,2022,195,82,113,0,6,18,16,19,16,21,27,14,11,14,,33,131,26,38,38,155,2
2022SpecialistsPrince Edward Island,Specialists,Prince Edward Island,2022,161,51,110,0,2,18,22,23,15,12,10,18,14,12,,15,115,31,15,0,160,1
2022All physiciansQuebec,All physicians,Quebec,2022,22765,12022,10743,0,105,2446,2963,2447,2184,2025,2184,2244,1749,1777,,2641,18402,1712,2651,2055,20708,2
2022Family medicine physiciansQuebec,Family medicine physicians,Quebec,2022,11449,6761,4688,0,63,1241,1170,994,900,922,1068,1172,949,811,,2159,8541,729,2179,1768,9680,1
2022SpecialistsQuebec,Specialists,Quebec,2022,11316,5261,6055,0,42,1205,1793,1453,1284,1103,1116,1072,800,966,,482,9861,983,472,287,11028,1
2022All physiciansSaskatchewan,All physicians,Saskatchewan,2022,2606,1055,1551,0,96,335,339,382,348,315,247,238,147,157,,2,1320,1285,1,296,2306,4
2022Family medicine physiciansSaskatchewan,Family medicine physicians,Saskatchewan,2022,1406,607,799,0,92,158,135,221,204,178,125,133,70,89,,1,561,845,0,292,1111,3
2022SpecialistsSaskatchewan,Specialists,Saskatchewan,2022,1200,448,752,0,4,177,204,161,144,137,122,105,77,68,,1,759,440,1,4,1195,1
2022All physiciansYukon,All physicians,Yukon,2022,89,46,43,0,1,10,18,11,7,8,8,9,6,11,,,74,15,0,10,79,0
2022Family medicine physiciansYukon,Family medicine physicians,Yukon,2022,74,37,37,0,1,9,15,8,6,6,7,8,6,8,,,60,14,0,10,64,0
2022SpecialistsYukon,Specialists,Yukon,2022,15,9,6,0,,1,3,3,1,2,1,1,,3,,,14,1,0,0,15,0
2023All physiciansAlberta,All physicians,Alberta,2023,11275,4739,6536,0,318,1423,1640,1661,1514,1387,1109,927,715,578,,3,7348,3926,1,769,10465,41
2023Family medicine physiciansAlberta,Family medicine physicians,Alberta,2023,5452,2535,2917,0,286,656,680,765,753,675,575,444,352,265,,1,3076,2375,1,702,4724,26
2023SpecialistsAlberta,Specialists,Alberta,2023,5823,2204,3619,0,32,767,960,896,761,712,534,483,363,313,,2,4272,1551,0,67,5741,15
2023All physiciansBritish Columbia,All physicians,British Columbia,2023,15023,6471,8552,0,553,2214,2015,1934,1594,1445,1503,1454,1188,1120,,3,10341,4682,0,755,14247,21
2023Family medicine physiciansBritish Columbia,Family medicine physicians,British Columbia,2023,7615,3594,4021,0,508,1077,750,933,799,726,823,840,612,544,,3,4835,2780,0,686,6920,9
2023SpecialistsBritish Columbia,Specialists,British Columbia,2023,7408,2877,4531,0,45,1137,1265,1001,795,719,680,614,576,576,,,5506,1902,0,69,7327,12
2023All physiciansCanada,All physicians,Canada,2023,97384,44308,53076,0,,,,,,,,,,,,,68557,25422,3405,6908,90287,189
2023Family medicine physiciansCanada,Family medicine physicians,Canada,2023,48264,24326,23938,0,,,,,,,,,,,,,31464,14199,2601,5995,42173,96
2023SpecialistsCanada,Specialists,Canada,2023,49120,19982,29138,0,,,,,,,,,,,,,37093,11223,804,913,48114,93
2023All physiciansManitoba,All physicians,Manitoba,2023,3187,1265,1922,0,137,453,432,418,359,349,329,290,217,199,,4,2149,1036,2,355,2824,8
2023Family medicine physiciansManitoba,Family medicine physicians,Manitoba,2023,1562,667,895,0,121,222,175,184,164,160,179,157,104,93,,3,912,648,2,311,1249,2
2023SpecialistsManitoba,Specialists,Manitoba,2023,1625,598,1027,0,16,231,257,234,195,189,150,133,113,106,,1,1237,388,0,44,1575,6
2023All physiciansNew Brunswick,All physicians,New Brunswick,2023,2214,951,1263,0,74,253,262,221,270,270,259,213,169,220,,3,1637,577,0,337,1876,1
2023Family medicine physiciansNew Brunswick,Family medicine physicians,New Brunswick,2023,1181,606,575,0,74,150,115,122,125,121,125,109,100,139,,1,948,233,0,309,872,0
2023SpecialistsNew Brunswick,Specialists,New Brunswick,2023,1033,345,688,0,,103,147,99,145,149,134,104,69,81,,2,689,344,0,28,1004,1
2023All physiciansNewfoundland and Labrador,All physicians,Newfoundland and Labrador,2023,1399,613,786,0,33,167,187,197,167,172,145,121,103,104,,3,985,413,1,286,1111,2
2023Family medicine physiciansNewfoundland and Labrador,Family medicine physicians,Newfoundland and Labrador,2023,666,319,347,0,33,88,67,85,78,92,66,50,42,63,,2,466,199,1,203,462,1
2023SpecialistsNewfoundland and Labrador,Specialists,Newfoundland and Labrador,2023,733,294,439,0,,79,120,112,89,80,79,71,61,41,,1,519,214,0,83,649,1
2023All physiciansNorthwest Territories,All physicians,Northwest Territories,2023,59,38,21,0,1,9,7,8,5,7,6,5,4,7,,,46,13,0,14,45,0
2023Family medicine physiciansNorthwest Territories,Family medicine physicians,Northwest Territories,2023,46,32,14,0,1,7,5,6,4,5,6,4,2,6,,,37,9,0,14,32,0
2023SpecialistsNorthwest Territories,Specialists,Northwest Territories,2023,13,6,7,0,,2,2,2,1,2,,1,2,1,,,9,4,0,0,13,0
2023All physiciansNova Scotia,All physicians,Nova Scotia,2023,2759,1227,1532,0,102,351,346,351,339,276,301,286,210,192,,5,1958,798,3,492,2247,20
2023Family medicine physiciansNova Scotia,Family medicine physicians,Nova Scotia,2023,1279,646,633,0,99,155,117,138,144,131,159,136,100,95,,5,907,369,3,331,937,11
2023SpecialistsNova Scotia,Specialists,Nova Scotia,2023,1480,581,899,0,3,196,229,213,195,145,142,150,110,97,,,1051,429,0,161,1310,9
2023All physiciansNunavut,All physicians,Nunavut,2023,29,15,14,0,,7,7,2,,2,3,4,3,,,1,22,6,1,29,0,0
2023Family medicine physiciansNunavut,Family medicine physicians,Nunavut,2023,25,12,13,0,,5,6,2,,2,3,4,2,,,1,18,6,1,25,0,0
2023SpecialistsNunavut,Specialists,Nunavut,2023,4,3,1,0,,2,1,,,,,,1,,,,4,0,0,4,0,0
2023All physiciansOntario,All physicians,Ontario,2023,35215,15395,19820,0,948,4964,4887,4440,3519,3947,3705,3223,2691,2878,,13,24284,10923,8,1441,33684,90
2023Family medicine physiciansOntario,Family medicine physicians,Ontario,2023,17178,8276,8902,0,900,2441,1896,2045,1870,1924,1878,1727,1213,1277,,7,11202,5973,3,1275,15859,44
2023SpecialistsOntario,Specialists,Ontario,2023,18037,7119,10918,0,48,2523,2991,2395,1649,2023,1827,1496,1478,1601,,6,13082,4950,5,166,17825,46
2023All physiciansPrince Edward Island,All physicians,Prince Edward Island,2023,373,143,230,0,7,43,33,45,33,36,33,32,29,29,,53,258,58,57,41,328,4
2023Family medicine physiciansPrince Edward Island,Family medicine physicians,Prince Edward Island,2023,205,87,118,0,7,20,14,17,20,21,25,16,13,16,,36,137,28,40,41,162,2
2023SpecialistsPrince Edward Island,Specialists,Prince Edward Island,2023,168,56,112,0,,23,19,28,13,15,8,16,16,13,,17,121,30,17,0,166,2
2023All physiciansQuebec,All physicians,Quebec,2023,23082,12311,10771,0,76,1990,3027,2525,2201,2014,2108,2203,1740,1898,,3300,18115,1640,3327,2063,21018,1
2023Family medicine physiciansQuebec,Family medicine physicians,Quebec,2023,11549,6881,4668,0,45,1003,1226,1000,902,914,984,1148,922,885,,2520,8312,692,2545,1776,9773,0
2023SpecialistsQuebec,Specialists,Quebec,2023,11533,5430,6103,0,31,987,1801,1525,1299,1100,1124,1055,818,1013,,780,9803,948,782,287,11245,1
2023All physiciansSaskatchewan,All physicians,Saskatchewan,2023,2677,1092,1585,0,90,330,355,390,359,324,270,232,156,165,,6,1337,1335,5,315,2361,1
2023Family medicine physiciansSaskatchewan,Family medicine physicians,Saskatchewan,2023,1431,633,798,0,84,167,141,213,209,175,145,120,79,92,,6,553,873,5,311,1119,1
2023SpecialistsSaskatchewan,Specialists,Saskatchewan,2023,1246,459,787,0,6,163,214,177,150,149,125,112,77,73,,,784,462,0,4,1242,0
2023All physiciansYukon,All physicians,Yukon,2023,92,48,44,0,1,10,16,12,10,7,8,9,7,12,,,77,15,0,11,81,0
2023Family medicine physiciansYukon,Family medicine physicians,Yukon,2023,75,38,37,0,1,8,12,10,9,4,7,8,7,9,,,61,14,0,11,64,0
2023SpecialistsYukon,Specialists,Yukon,2023,17,10,7,0,,2,4,2,1,3,1,1,,3,,,16,1,0,0,17,0
2024All physiciansAlberta,All physicians,Alberta,2024,11750,4956,6794,0,281,1489,1735,1772,1604,1390,1202,928,710,635,,4,7515,4235,0,793,10916,41
2024Family medicine physiciansAlberta,Family medicine physicians,Alberta,2024,5734,2659,3075,0,262,739,708,861,781,683,606,445,351,298,,,3114,2620,0,725,4980,29
2024SpecialistsAlberta,Specialists,Alberta,2024,6016,2297,3719,0,19,750,1027,911,823,707,596,483,359,337,,4,4401,1615,0,68,5936,12
2024All physiciansBritish Columbia,All physicians,British Columbia,2024,15460,6702,8758,0,513,2311,1985,2019,1601,1498,1488,1503,1234,1291,,17,10646,4803,11,757,14673,30
2024Family medicine physiciansBritish Columbia,Family medicine physicians,British Columbia,2024,7838,3710,4128,0,475,1198,726,940,813,746,780,885,655,612,,8,4964,2869,5,685,7139,14
2024SpecialistsBritish Columbia,Specialists,British Columbia,2024,7622,2992,4630,0,38,1113,1259,1079,788,752,708,618,579,679,,9,5682,1934,6,72,7534,16
2024All physiciansCanada,All physicians,Canada,2024,99555,45680,53875,0,,,,,,,,,,,,,69303,26169,4083,6957,92326,272
2024Family medicine physiciansCanada,Family medicine physicians,Canada,2024,49188,24951,24237,0,,,,,,,,,,,,,31635,14615,2938,6010,43034,144
2024SpecialistsCanada,Specialists,Canada,2024,50367,20729,29638,0,,,,,,,,,,,,,37668,11554,1145,947,49292,128
2024All physiciansManitoba,All physicians,Manitoba,2024,3357,1358,1999,0,125,503,446,456,394,353,344,267,239,218,,12,2214,1134,9,385,2961,11
2024Family medicine physiciansManitoba,Family medicine physicians,Manitoba,2024,1670,723,947,0,117,264,177,206,186,164,183,145,116,105,,7,940,724,6,341,1324,5
2024SpecialistsManitoba,Specialists,Manitoba,2024,1687,635,1052,0,8,239,269,250,208,189,161,122,123,113,,5,1274,410,3,44,1637,6
2024All physiciansNew Brunswick,All physicians,New Brunswick,2024,2214,946,1268,0,61,247,252,230,247,279,238,241,181,235,,3,1602,612,0,330,1882,2
2024Family medicine physiciansNew Brunswick,Family medicine physicians,New Brunswick,2024,1179,600,579,0,59,166,100,125,119,113,116,122,112,146,,1,945,234,0,303,875,1
2024SpecialistsNew Brunswick,Specialists,New Brunswick,2024,1035,346,689,0,2,81,152,105,128,166,122,119,69,89,,2,657,378,0,27,1007,1
2024All physiciansNewfoundland and Labrador,All physicians,Newfoundland and Labrador,2024,1421,644,777,0,56,184,191,192,182,167,141,116,107,83,,2,1024,397,0,291,1127,3
2024Family medicine physiciansNewfoundland and Labrador,Family medicine physicians,Newfoundland and Labrador,2024,662,333,329,0,54,96,64,92,70,92,61,45,43,44,,1,478,184,0,206,455,1
2024SpecialistsNewfoundland and Labrador,Specialists,Newfoundland and Labrador,2024,759,311,448,0,2,88,127,100,112,75,80,71,64,39,,1,546,213,0,85,672,2
2024All physiciansNorthwest Territories,All physicians,Northwest Territories,2024,51,33,18,0,1,6,6,7,5,6,4,6,3,7,,,38,13,0,11,40,0
2024Family medicine physiciansNorthwest Territories,Family medicine physicians,Northwest Territories,2024,39,27,12,0,1,5,4,5,4,4,4,5,3,4,,,29,10,0,11,28,0
2024SpecialistsNorthwest Territories,Specialists,Northwest Territories,2024,12,6,6,0,,1,2,2,1,2,,1,,3,,,9,3,0,0,12,0
2024All physiciansNova Scotia,All physicians,Nova Scotia,2024,2888,1295,1593,0,87,411,340,377,364,311,303,291,216,184,,4,2028,857,3,532,2328,28
2024Family medicine physiciansNova Scotia,Family medicine physicians,Nova Scotia,2024,1329,674,655,0,84,196,98,153,157,140,153,146,106,93,,3,924,403,2,353,964,12
2024SpecialistsNova Scotia,Specialists,Nova Scotia,2024,1559,621,938,0,3,215,242,224,207,171,150,145,110,91,,1,1104,454,1,179,1364,16
2024All physiciansNunavut,All physicians,Nunavut,2024,23,12,11,0,,2,5,3,,2,1,4,3,,,3,14,6,3,23,0,0
2024Family medicine physiciansNunavut,Family medicine physicians,Nunavut,2024,20,10,10,0,,1,3,3,,2,1,4,3,,,3,11,6,3,20,0,0
2024SpecialistsNunavut,Specialists,Nunavut,2024,3,2,1,0,,1,2,,,,,,,,,,3,0,0,3,0,0
2024All physiciansOntario,All physicians,Ontario,2024,35653,15753,19900,0,958,5038,4897,4510,3682,3871,3717,3252,2614,3088,,26,24502,11150,1,1446,34089,118
2024Family medicine physiciansOntario,Family medicine physicians,Ontario,2024,17304,8405,8899,0,920,2609,1784,2019,1896,1920,1870,1713,1215,1346,,12,11293,6010,1,1279,15967,58
2024SpecialistsOntario,Specialists,Ontario,2024,18349,7348,11001,0,38,2429,3113,2491,1786,1951,1847,1539,1399,1742,,14,13209,5140,0,167,18122,60
2024All physiciansPrince Edward Island,All physicians,Prince Edward Island,2024,377,147,230,0,2,42,39,47,35,33,35,28,26,33,,57,259,57,61,41,331,5
2024Family medicine physiciansPrince Edward Island,Family medicine physicians,Prince Edward Island,2024,211,93,118,0,2,18,17,22,20,16,23,17,14,18,,44,136,27,48,41,167,3
2024SpecialistsPrince Edward Island,Specialists,Prince Edward Island,2024,166,54,112,0,,24,22,25,15,17,12,11,12,15,,13,123,30,13,0,164,2
2024All physiciansQuebec,All physicians,Quebec,2024,23562,12665,10897,0,16,1615,2979,2700,2215,2071,2055,2204,1738,1983,,3986,17952,1620,3990,2072,21477,13
2024Family medicine physiciansQuebec,Family medicine physicians,Quebec,2024,11701,7050,4651,0,14,836,1243,1033,914,891,944,1146,888,928,,2864,8164,668,2869,1775,9920,6
2024SpecialistsQuebec,Specialists,Quebec,2024,11861,5615,6246,0,2,779,1736,1667,1301,1180,1111,1058,850,1055,,1122,9788,952,1121,297,11557,7
2024All physiciansSaskatchewan,All physicians,Saskatchewan,2024,2709,1123,1586,0,55,358,350,388,360,314,284,252,164,174,,10,1433,1271,5,265,2423,21
2024Family medicine physiciansSaskatchewan,Family medicine physicians,Saskatchewan,2024,1429,631,798,0,53,188,123,201,197,179,157,142,90,91,,8,578,847,4,260,1154,15
2024SpecialistsSaskatchewan,Specialists,Saskatchewan,2024,1280,492,788,0,2,170,227,187,163,135,127,110,74,83,,2,855,424,1,5,1269,6
2024All physiciansYukon,All physicians,Yukon,2024,90,46,44,0,,8,15,9,13,8,8,8,7,14,,,76,14,0,11,79,0
2024Family medicine physiciansYukon,Family medicine physicians,Yukon,2024,72,36,36,0,,6,11,7,11,5,7,7,7,11,,,59,13,0,11,61,0
2024SpecialistsYukon,Specialists,Yukon,2024,18,10,8,0,,2,4,2,2,3,1,1,,3,,,17,1,0,0,18,0
