lhin,condition,year,scenario,ed_visits,admissions,avoidable_admissions,avoidable_cost,gap_ratio,gap_severity,latitude,longitude
Erie St. Clair,Pneumonia,2029,Reference,10326.0,54.0,16.0,272743.0,0.2800276955932995,LOW,42.32,-82.55
Erie St. Clair,Mental Health,2029,Reference,25517.0,128.0,32.0,382753.0,0.6711693650763983,LOW,42.32,-82.55
Erie St. Clair,Chronic Kidney Disease,2029,Reference,4083.0,41.0,14.0,264355.0,0.1763399771058039,LOW,42.32,-82.55
Erie St. Clair,Heart Failure,2029,Reference,6124.0,20.0,8.0,135529.0,0.2926504010932981,LOW,42.32,-82.55
Erie St. Clair,COPD,2029,Reference,7655.0,39.0,17.0,275766.0,0.2397775008672545,LOW,42.32,-82.55
Erie St. Clair,Type 2 Diabetes,2029,Reference,9186.0,18.0,7.0,94730.0,0.1786571996134928,LOW,42.32,-82.55
Erie St. Clair,Hypertension,2029,Reference,5103.0,10.0,4.0,49299.0,0.0797207638410263,LOW,42.32,-82.55
Erie St. Clair,Stroke,2029,Reference,4593.0,26.0,7.0,157184.0,0.2776393843723871,LOW,42.32,-82.55
Erie St. Clair,Pneumonia,2034,Reference,10383.0,54.0,16.0,274247.0,0.2887173545026939,LOW,42.32,-82.55
Erie St. Clair,Mental Health,2034,Reference,27898.0,139.0,35.0,418463.0,0.7524118236256687,LOW,42.32,-82.55
Erie St. Clair,Chronic Kidney Disease,2034,Reference,4464.0,45.0,16.0,289019.0,0.1976852500369765,LOW,42.32,-82.55
Erie St. Clair,Heart Failure,2034,Reference,6695.0,22.0,9.0,148174.0,0.3280746014775682,LOW,42.32,-82.55
Erie St. Clair,COPD,2034,Reference,8369.0,42.0,19.0,301494.0,0.2688016409560057,LOW,42.32,-82.55
Erie St. Clair,Type 2 Diabetes,2034,Reference,10043.0,19.0,7.0,103568.0,0.200282963376527,LOW,42.32,-82.55
Erie St. Clair,Hypertension,2034,Reference,5580.0,11.0,5.0,53898.0,0.0893706542992023,LOW,42.32,-82.55
Erie St. Clair,Stroke,2034,Reference,5022.0,28.0,8.0,171849.0,0.3112465591783335,LOW,42.32,-82.55
Erie St. Clair,Pneumonia,2029,Optimistic,10295.0,54.0,16.0,271927.0,0.2655731956268155,LOW,42.32,-82.55
Erie St. Clair,Mental Health,2029,Optimistic,25143.0,126.0,31.0,377146.0,0.6290838579225302,LOW,42.32,-82.55
Erie St. Clair,Chronic Kidney Disease,2029,Optimistic,4023.0,40.0,14.0,260482.0,0.165282622950263,LOW,42.32,-82.55
Erie St. Clair,Heart Failure,2029,Optimistic,6034.0,19.0,8.0,133544.0,0.274299830894981,LOW,42.32,-82.55
Erie St. Clair,COPD,2029,Optimistic,7543.0,38.0,17.0,271726.0,0.2247423126522251,LOW,42.32,-82.55
Erie St. Clair,Type 2 Diabetes,2029,Optimistic,9052.0,17.0,7.0,93342.0,0.1674545446002268,LOW,42.32,-82.55
Erie St. Clair,Hypertension,2029,Optimistic,5029.0,10.0,4.0,48576.0,0.0747218932853635,LOW,42.32,-82.55
Erie St. Clair,Stroke,2029,Optimistic,4526.0,25.0,7.0,154881.0,0.2602300762227674,LOW,42.32,-82.55
Erie St. Clair,Pneumonia,2034,Optimistic,10321.0,54.0,16.0,272607.0,0.2596805339848237,LOW,42.32,-82.55
Erie St. Clair,Mental Health,2034,Optimistic,27086.0,135.0,34.0,406293.0,0.6610106304909051,LOW,42.32,-82.55
Erie St. Clair,Chronic Kidney Disease,2034,Optimistic,4334.0,43.0,15.0,280613.0,0.1736709175249545,LOW,42.32,-82.55
Erie St. Clair,Heart Failure,2034,Optimistic,6501.0,21.0,8.0,143865.0,0.2882208816519474,LOW,42.32,-82.55
Erie St. Clair,COPD,2034,Optimistic,8126.0,41.0,19.0,292726.0,0.2361482589536192,LOW,42.32,-82.55
Erie St. Clair,Type 2 Diabetes,2034,Optimistic,9751.0,19.0,7.0,100556.0,0.1759530668459694,LOW,42.32,-82.55
Erie St. Clair,Hypertension,2034,Optimistic,5417.0,11.0,5.0,52331.0,0.0785141204467445,LOW,42.32,-82.55
Erie St. Clair,Stroke,2034,Optimistic,4876.0,27.0,8.0,166851.0,0.2734370697807523,LOW,42.32,-82.55
Erie St. Clair,Pneumonia,2029,Pessimistic,10372.0,54.0,16.0,273971.0,0.2958601945801445,LOW,42.32,-82.55
Erie St. Clair,Mental Health,2029,Pessimistic,26022.0,130.0,33.0,390332.0,0.7199162316350098,LOW,42.32,-82.55
Erie St. Clair,Chronic Kidney Disease,2029,Pessimistic,4164.0,42.0,15.0,269589.0,0.1891475064422282,LOW,42.32,-82.55
Erie St. Clair,Heart Failure,2029,Pessimistic,6245.0,20.0,8.0,138213.0,0.3139055280295451,LOW,42.32,-82.55
Erie St. Clair,COPD,2029,Pessimistic,7807.0,40.0,18.0,281226.0,0.2571924820131877,LOW,42.32,-82.55
Erie St. Clair,Type 2 Diabetes,2029,Pessimistic,9368.0,18.0,7.0,96606.0,0.1916330282529641,LOW,42.32,-82.55
Erie St. Clair,Hypertension,2029,Pessimistic,5204.0,10.0,4.0,50275.0,0.085510863388354,LOW,42.32,-82.55
Erie St. Clair,Stroke,2029,Pessimistic,4684.0,26.0,7.0,160296.0,0.2978042648416785,LOW,42.32,-82.55
Erie St. Clair,Pneumonia,2034,Pessimistic,10477.0,55.0,16.0,276722.0,0.3222878948593028,LOW,42.32,-82.55
Erie St. Clair,Mental Health,2034,Pessimistic,29013.0,145.0,36.0,435199.0,0.8656758300160984,LOW,42.32,-82.55
Erie St. Clair,Chronic Kidney Disease,2034,Pessimistic,4642.0,46.0,16.0,300578.0,0.2274437183656472,LOW,42.32,-82.55
Erie St. Clair,Heart Failure,2034,Pessimistic,6963.0,22.0,9.0,154100.0,0.3774611775407055,LOW,42.32,-82.55
Erie St. Clair,COPD,2034,Pessimistic,8704.0,44.0,20.0,313553.0,0.3092655861293952,LOW,42.32,-82.55
Erie St. Clair,Type 2 Diabetes,2034,Pessimistic,10445.0,20.0,8.0,107710.0,0.2304324774211908,LOW,42.32,-82.55
Erie St. Clair,Hypertension,2034,Pessimistic,5803.0,12.0,5.0,56054.0,0.1028240292221059,LOW,42.32,-82.55
Erie St. Clair,Stroke,2034,Pessimistic,5222.0,29.0,8.0,178722.0,0.3580999327708685,LOW,42.32,-82.55
South West,Pneumonia,2029,Reference,15012.0,79.0,24.0,396527.0,0.2800276955932995,LOW,42.98,-81.25
South West,Mental Health,2029,Reference,37098.0,185.0,46.0,556464.0,0.6711693650763983,LOW,42.98,-81.25
South West,Chronic Kidney Disease,2029,Reference,5936.0,59.0,21.0,384331.0,0.1763399771058039,LOW,42.98,-81.25
South West,Heart Failure,2029,Reference,8903.0,29.0,11.0,197039.0,0.2926504010932981,LOW,42.98,-81.25
South West,COPD,2029,Reference,11129.0,56.0,25.0,400921.0,0.2397775008672545,LOW,42.98,-81.25
South West,Type 2 Diabetes,2029,Reference,13355.0,26.0,10.0,137723.0,0.1786571996134928,LOW,42.98,-81.25
South West,Hypertension,2029,Reference,7420.0,15.0,6.0,71673.0,0.0797207638410263,LOW,42.98,-81.25
South West,Stroke,2029,Reference,6678.0,37.0,10.0,228521.0,0.2776393843723871,LOW,42.98,-81.25
South West,Pneumonia,2034,Reference,15095.0,79.0,24.0,398712.0,0.2887173545026939,LOW,42.98,-81.25
South West,Mental Health,2034,Reference,40559.0,203.0,51.0,608381.0,0.7524118236256687,LOW,42.98,-81.25
South West,Chronic Kidney Disease,2034,Reference,6489.0,65.0,23.0,420188.0,0.1976852500369765,LOW,42.98,-81.25
South West,Heart Failure,2034,Reference,9734.0,31.0,13.0,215422.0,0.3280746014775682,LOW,42.98,-81.25
South West,COPD,2034,Reference,12168.0,62.0,28.0,438326.0,0.2688016409560057,LOW,42.98,-81.25
South West,Type 2 Diabetes,2034,Reference,14601.0,28.0,11.0,150572.0,0.200282963376527,LOW,42.98,-81.25
South West,Hypertension,2034,Reference,8112.0,16.0,7.0,78359.0,0.0893706542992023,LOW,42.98,-81.25
South West,Stroke,2034,Reference,7301.0,41.0,11.0,249842.0,0.3112465591783335,LOW,42.98,-81.25
South West,Pneumonia,2029,Optimistic,14967.0,79.0,24.0,395340.0,0.2655731956268155,LOW,42.98,-81.25
South West,Mental Health,2029,Optimistic,36554.0,183.0,46.0,548312.0,0.6290838579225302,LOW,42.98,-81.25
South West,Chronic Kidney Disease,2029,Optimistic,5849.0,58.0,20.0,378701.0,0.165282622950263,LOW,42.98,-81.25
South West,Heart Failure,2029,Optimistic,8773.0,28.0,11.0,194152.0,0.274299830894981,LOW,42.98,-81.25
South West,COPD,2029,Optimistic,10966.0,56.0,25.0,395048.0,0.2247423126522251,LOW,42.98,-81.25
South West,Type 2 Diabetes,2029,Optimistic,13159.0,25.0,10.0,135705.0,0.1674545446002268,LOW,42.98,-81.25
South West,Hypertension,2029,Optimistic,7311.0,15.0,6.0,70623.0,0.0747218932853635,LOW,42.98,-81.25
South West,Stroke,2029,Optimistic,6580.0,37.0,10.0,225174.0,0.2602300762227674,LOW,42.98,-81.25
South West,Pneumonia,2034,Optimistic,15005.0,79.0,24.0,396329.0,0.2596805339848237,LOW,42.98,-81.25
South West,Mental Health,2034,Optimistic,39379.0,197.0,49.0,590688.0,0.6610106304909051,LOW,42.98,-81.25
South West,Chronic Kidney Disease,2034,Optimistic,6301.0,63.0,22.0,407969.0,0.1736709175249545,LOW,42.98,-81.25
South West,Heart Failure,2034,Optimistic,9451.0,30.0,12.0,209157.0,0.2882208816519474,LOW,42.98,-81.25
South West,COPD,2034,Optimistic,11814.0,60.0,27.0,425579.0,0.2361482589536192,LOW,42.98,-81.25
South West,Type 2 Diabetes,2034,Optimistic,14177.0,27.0,10.0,146193.0,0.1759530668459694,LOW,42.98,-81.25
South West,Hypertension,2034,Optimistic,7876.0,16.0,7.0,76081.0,0.0785141204467445,LOW,42.98,-81.25
South West,Stroke,2034,Optimistic,7088.0,39.0,11.0,242576.0,0.2734370697807523,LOW,42.98,-81.25
South West,Pneumonia,2029,Pessimistic,15080.0,79.0,24.0,398312.0,0.2958601945801445,LOW,42.98,-81.25
South West,Mental Health,2029,Pessimistic,37832.0,189.0,47.0,567482.0,0.7199162316350098,LOW,42.98,-81.25
South West,Chronic Kidney Disease,2029,Pessimistic,6053.0,61.0,21.0,391941.0,0.1891475064422282,LOW,42.98,-81.25
South West,Heart Failure,2029,Pessimistic,9080.0,29.0,12.0,200940.0,0.3139055280295451,LOW,42.98,-81.25
South West,COPD,2029,Pessimistic,11350.0,58.0,26.0,408860.0,0.2571924820131877,LOW,42.98,-81.25
South West,Type 2 Diabetes,2029,Pessimistic,13620.0,26.0,10.0,140450.0,0.1916330282529641,LOW,42.98,-81.25
South West,Hypertension,2029,Pessimistic,7566.0,15.0,6.0,73092.0,0.085510863388354,LOW,42.98,-81.25
South West,Stroke,2029,Pessimistic,6810.0,38.0,11.0,233046.0,0.2978042648416785,LOW,42.98,-81.25
South West,Pneumonia,2034,Pessimistic,15231.0,80.0,24.0,402311.0,0.3222878948593028,LOW,42.98,-81.25
South West,Mental Health,2034,Pessimistic,42181.0,211.0,53.0,632713.0,0.8656758300160984,LOW,42.98,-81.25
South West,Chronic Kidney Disease,2034,Pessimistic,6749.0,67.0,24.0,436994.0,0.2274437183656472,LOW,42.98,-81.25
South West,Heart Failure,2034,Pessimistic,10123.0,33.0,13.0,224038.0,0.3774611775407055,LOW,42.98,-81.25
South West,COPD,2034,Pessimistic,12654.0,64.0,29.0,455857.0,0.3092655861293952,LOW,42.98,-81.25
South West,Type 2 Diabetes,2034,Pessimistic,15185.0,29.0,11.0,156594.0,0.2304324774211908,LOW,42.98,-81.25
South West,Hypertension,2034,Pessimistic,8436.0,17.0,7.0,81493.0,0.1028240292221059,LOW,42.98,-81.25
South West,Stroke,2034,Pessimistic,7593.0,42.0,12.0,259834.0,0.3580999327708685,LOW,42.98,-81.25
Waterloo Wellington,Pneumonia,2029,Reference,12391.0,65.0,19.0,327292.0,0.2800276955932995,LOW,43.45,-80.49
Waterloo Wellington,Mental Health,2029,Reference,30620.0,153.0,38.0,459303.0,0.6711693650763983,LOW,43.45,-80.49
Waterloo Wellington,Chronic Kidney Disease,2029,Reference,4899.0,49.0,17.0,317225.0,0.1763399771058039,LOW,43.45,-80.49
Waterloo Wellington,Heart Failure,2029,Reference,7349.0,24.0,9.0,162635.0,0.2926504010932981,LOW,43.45,-80.49
Waterloo Wellington,COPD,2029,Reference,9186.0,47.0,21.0,330919.0,0.2397775008672545,LOW,43.45,-80.49
Waterloo Wellington,Type 2 Diabetes,2029,Reference,11023.0,21.0,8.0,113676.0,0.1786571996134928,LOW,43.45,-80.49
Waterloo Wellington,Hypertension,2029,Reference,6124.0,12.0,5.0,59158.0,0.0797207638410263,LOW,43.45,-80.49
Waterloo Wellington,Stroke,2029,Reference,5512.0,31.0,9.0,188621.0,0.2776393843723871,LOW,43.45,-80.49
Waterloo Wellington,Pneumonia,2034,Reference,12459.0,65.0,20.0,329096.0,0.2887173545026939,LOW,43.45,-80.49
Waterloo Wellington,Mental Health,2034,Reference,33477.0,167.0,42.0,502156.0,0.7524118236256687,LOW,43.45,-80.49
Waterloo Wellington,Chronic Kidney Disease,2034,Reference,5356.0,54.0,19.0,346822.0,0.1976852500369765,LOW,43.45,-80.49
Waterloo Wellington,Heart Failure,2034,Reference,8034.0,26.0,10.0,177809.0,0.3280746014775682,LOW,43.45,-80.49
Waterloo Wellington,COPD,2034,Reference,10043.0,51.0,23.0,361793.0,0.2688016409560057,LOW,43.45,-80.49
Waterloo Wellington,Type 2 Diabetes,2034,Reference,12052.0,23.0,9.0,124282.0,0.200282963376527,LOW,43.45,-80.49
Waterloo Wellington,Hypertension,2034,Reference,6695.0,13.0,6.0,64678.0,0.0893706542992023,LOW,43.45,-80.49
Waterloo Wellington,Stroke,2034,Reference,6026.0,33.0,9.0,206219.0,0.3112465591783335,LOW,43.45,-80.49
Waterloo Wellington,Pneumonia,2029,Optimistic,12354.0,65.0,19.0,326312.0,0.2655731956268155,LOW,43.45,-80.49
Waterloo Wellington,Mental Health,2029,Optimistic,30172.0,151.0,38.0,452575.0,0.6290838579225302,LOW,43.45,-80.49
Waterloo Wellington,Chronic Kidney Disease,2029,Optimistic,4827.0,48.0,17.0,312579.0,0.165282622950263,LOW,43.45,-80.49
Waterloo Wellington,Heart Failure,2029,Optimistic,7241.0,23.0,9.0,160253.0,0.274299830894981,LOW,43.45,-80.49
Waterloo Wellington,COPD,2029,Optimistic,9052.0,46.0,21.0,326071.0,0.2247423126522251,LOW,43.45,-80.49
Waterloo Wellington,Type 2 Diabetes,2029,Optimistic,10862.0,21.0,8.0,112011.0,0.1674545446002268,LOW,43.45,-80.49
Waterloo Wellington,Hypertension,2029,Optimistic,6034.0,12.0,5.0,58292.0,0.0747218932853635,LOW,43.45,-80.49
Waterloo Wellington,Stroke,2029,Optimistic,5431.0,30.0,8.0,185858.0,0.2602300762227674,LOW,43.45,-80.49
Waterloo Wellington,Pneumonia,2034,Optimistic,12385.0,65.0,19.0,327129.0,0.2596805339848237,LOW,43.45,-80.49
Waterloo Wellington,Mental Health,2034,Optimistic,32503.0,163.0,41.0,487552.0,0.6610106304909051,LOW,43.45,-80.49
Waterloo Wellington,Chronic Kidney Disease,2034,Optimistic,5201.0,52.0,18.0,336736.0,0.1736709175249545,LOW,43.45,-80.49
Waterloo Wellington,Heart Failure,2034,Optimistic,7801.0,25.0,10.0,172638.0,0.2882208816519474,LOW,43.45,-80.49
Waterloo Wellington,COPD,2034,Optimistic,9751.0,49.0,22.0,351272.0,0.2361482589536192,LOW,43.45,-80.49
Waterloo Wellington,Type 2 Diabetes,2034,Optimistic,11701.0,22.0,8.0,120667.0,0.1759530668459694,LOW,43.45,-80.49
Waterloo Wellington,Hypertension,2034,Optimistic,6501.0,13.0,5.0,62797.0,0.0785141204467445,LOW,43.45,-80.49
Waterloo Wellington,Stroke,2034,Optimistic,5851.0,33.0,9.0,200221.0,0.2734370697807523,LOW,43.45,-80.49
Waterloo Wellington,Pneumonia,2029,Pessimistic,12447.0,65.0,20.0,328766.0,0.2958601945801445,LOW,43.45,-80.49
Waterloo Wellington,Mental Health,2029,Pessimistic,31227.0,156.0,39.0,468398.0,0.7199162316350098,LOW,43.45,-80.49
Waterloo Wellington,Chronic Kidney Disease,2029,Pessimistic,4996.0,50.0,17.0,323507.0,0.1891475064422282,LOW,43.45,-80.49
Waterloo Wellington,Heart Failure,2029,Pessimistic,7494.0,24.0,10.0,165855.0,0.3139055280295451,LOW,43.45,-80.49
Waterloo Wellington,COPD,2029,Pessimistic,9368.0,47.0,21.0,337471.0,0.2571924820131877,LOW,43.45,-80.49
Waterloo Wellington,Type 2 Diabetes,2029,Pessimistic,11242.0,21.0,8.0,115927.0,0.1916330282529641,LOW,43.45,-80.49
Waterloo Wellington,Hypertension,2029,Pessimistic,6245.0,12.0,5.0,60330.0,0.085510863388354,LOW,43.45,-80.49
Waterloo Wellington,Stroke,2029,Pessimistic,5621.0,31.0,9.0,192355.0,0.2978042648416785,LOW,43.45,-80.49
Waterloo Wellington,Pneumonia,2034,Pessimistic,12572.0,66.0,20.0,332066.0,0.3222878948593028,LOW,43.45,-80.49
Waterloo Wellington,Mental Health,2034,Pessimistic,34816.0,174.0,44.0,522239.0,0.8656758300160984,LOW,43.45,-80.49
Waterloo Wellington,Chronic Kidney Disease,2034,Pessimistic,5571.0,56.0,19.0,360693.0,0.2274437183656472,LOW,43.45,-80.49
Waterloo Wellington,Heart Failure,2034,Pessimistic,8356.0,27.0,11.0,184920.0,0.3774611775407055,LOW,43.45,-80.49
Waterloo Wellington,COPD,2034,Pessimistic,10445.0,53.0,24.0,376263.0,0.3092655861293952,LOW,43.45,-80.49
Waterloo Wellington,Type 2 Diabetes,2034,Pessimistic,12534.0,24.0,9.0,129252.0,0.2304324774211908,LOW,43.45,-80.49
Waterloo Wellington,Hypertension,2034,Pessimistic,6963.0,14.0,6.0,67264.0,0.1028240292221059,LOW,43.45,-80.49
Waterloo Wellington,Stroke,2034,Pessimistic,6267.0,35.0,10.0,214466.0,0.3580999327708685,LOW,43.45,-80.49
Hamilton Niagara Haldimand Brant,Pneumonia,2029,Reference,23035.0,121.0,36.0,608427.0,0.2800276955932995,LOW,43.26,-79.87
Hamilton Niagara Haldimand Brant,Mental Health,2029,Reference,56922.0,285.0,71.0,853833.0,0.6711693650763983,LOW,43.26,-79.87
Hamilton Niagara Haldimand Brant,Chronic Kidney Disease,2029,Reference,9108.0,91.0,32.0,589714.0,0.1763399771058039,LOW,43.26,-79.87
Hamilton Niagara Haldimand Brant,Heart Failure,2029,Reference,13661.0,44.0,18.0,302334.0,0.2926504010932981,LOW,43.26,-79.87
Hamilton Niagara Haldimand Brant,COPD,2029,Reference,17077.0,87.0,39.0,615170.0,0.2397775008672545,LOW,43.26,-79.87
Hamilton Niagara Haldimand Brant,Type 2 Diabetes,2029,Reference,20492.0,39.0,15.0,211321.0,0.1786571996134928,LOW,43.26,-79.87
Hamilton Niagara Haldimand Brant,Hypertension,2029,Reference,11384.0,23.0,10.0,109974.0,0.0797207638410263,LOW,43.26,-79.87
Hamilton Niagara Haldimand Brant,Stroke,2029,Reference,10246.0,57.0,16.0,350641.0,0.2776393843723871,LOW,43.26,-79.87
Hamilton Niagara Haldimand Brant,Pneumonia,2034,Reference,23162.0,121.0,36.0,611781.0,0.2887173545026939,LOW,43.26,-79.87
Hamilton Niagara Haldimand Brant,Mental Health,2034,Reference,62233.0,311.0,78.0,933495.0,0.7524118236256687,LOW,43.26,-79.87
Hamilton Niagara Haldimand Brant,Chronic Kidney Disease,2034,Reference,9957.0,100.0,35.0,644734.0,0.1976852500369765,LOW,43.26,-79.87
Hamilton Niagara Haldimand Brant,Heart Failure,2034,Reference,14936.0,48.0,19.0,330542.0,0.3280746014775682,LOW,43.26,-79.87
Hamilton Niagara Haldimand Brant,COPD,2034,Reference,18670.0,95.0,43.0,672564.0,0.2688016409560057,LOW,43.26,-79.87
Hamilton Niagara Haldimand Brant,Type 2 Diabetes,2034,Reference,22404.0,43.0,16.0,231037.0,0.200282963376527,LOW,43.26,-79.87
Hamilton Niagara Haldimand Brant,Hypertension,2034,Reference,12447.0,25.0,10.0,120234.0,0.0893706542992023,LOW,43.26,-79.87
Hamilton Niagara Haldimand Brant,Stroke,2034,Reference,11202.0,62.0,17.0,383355.0,0.3112465591783335,LOW,43.26,-79.87
Hamilton Niagara Haldimand Brant,Pneumonia,2029,Optimistic,22966.0,120.0,36.0,606606.0,0.2655731956268155,LOW,43.26,-79.87
Hamilton Niagara Haldimand Brant,Mental Health,2029,Optimistic,56088.0,280.0,70.0,841326.0,0.6290838579225302,LOW,43.26,-79.87
Hamilton Niagara Haldimand Brant,Chronic Kidney Disease,2029,Optimistic,8974.0,90.0,31.0,581076.0,0.165282622950263,LOW,43.26,-79.87
Hamilton Niagara Haldimand Brant,Heart Failure,2029,Optimistic,13461.0,43.0,17.0,297906.0,0.274299830894981,LOW,43.26,-79.87
Hamilton Niagara Haldimand Brant,COPD,2029,Optimistic,16827.0,85.0,38.0,606159.0,0.2247423126522251,LOW,43.26,-79.87
Hamilton Niagara Haldimand Brant,Type 2 Diabetes,2029,Optimistic,20192.0,39.0,15.0,208225.0,0.1674545446002268,LOW,43.26,-79.87
Hamilton Niagara Haldimand Brant,Hypertension,2029,Optimistic,11218.0,22.0,9.0,108363.0,0.0747218932853635,LOW,43.26,-79.87
Hamilton Niagara Haldimand Brant,Stroke,2029,Optimistic,10096.0,56.0,16.0,345505.0,0.2602300762227674,LOW,43.26,-79.87
Hamilton Niagara Haldimand Brant,Pneumonia,2034,Optimistic,23023.0,121.0,36.0,608124.0,0.2596805339848237,LOW,43.26,-79.87
Hamilton Niagara Haldimand Brant,Mental Health,2034,Optimistic,60423.0,302.0,76.0,906347.0,0.6610106304909051,LOW,43.26,-79.87
Hamilton Niagara Haldimand Brant,Chronic Kidney Disease,2034,Optimistic,9668.0,97.0,34.0,625984.0,0.1736709175249545,LOW,43.26,-79.87
Hamilton Niagara Haldimand Brant,Heart Failure,2034,Optimistic,14502.0,47.0,19.0,320929.0,0.2882208816519474,LOW,43.26,-79.87
Hamilton Niagara Haldimand Brant,COPD,2034,Optimistic,18127.0,92.0,41.0,653005.0,0.2361482589536192,LOW,43.26,-79.87
Hamilton Niagara Haldimand Brant,Type 2 Diabetes,2034,Optimistic,21752.0,42.0,16.0,224318.0,0.1759530668459694,LOW,43.26,-79.87
Hamilton Niagara Haldimand Brant,Hypertension,2034,Optimistic,12085.0,24.0,10.0,116737.0,0.0785141204467445,LOW,43.26,-79.87
Hamilton Niagara Haldimand Brant,Stroke,2034,Optimistic,10876.0,60.0,17.0,372206.0,0.2734370697807523,LOW,43.26,-79.87
Hamilton Niagara Haldimand Brant,Pneumonia,2029,Pessimistic,23138.0,121.0,36.0,611167.0,0.2958601945801445,LOW,43.26,-79.87
Hamilton Niagara Haldimand Brant,Mental Health,2029,Pessimistic,58049.0,290.0,73.0,870740.0,0.7199162316350098,LOW,43.26,-79.87
Hamilton Niagara Haldimand Brant,Chronic Kidney Disease,2029,Pessimistic,9288.0,93.0,33.0,601391.0,0.1891475064422282,LOW,43.26,-79.87
Hamilton Niagara Haldimand Brant,Heart Failure,2029,Pessimistic,13932.0,45.0,18.0,308321.0,0.3139055280295451,LOW,43.26,-79.87
Hamilton Niagara Haldimand Brant,COPD,2029,Pessimistic,17415.0,88.0,40.0,627351.0,0.2571924820131877,LOW,43.26,-79.87
Hamilton Niagara Haldimand Brant,Type 2 Diabetes,2029,Pessimistic,20898.0,40.0,15.0,215505.0,0.1916330282529641,LOW,43.26,-79.87
Hamilton Niagara Haldimand Brant,Hypertension,2029,Pessimistic,11610.0,23.0,10.0,112151.0,0.085510863388354,LOW,43.26,-79.87
Hamilton Niagara Haldimand Brant,Stroke,2029,Pessimistic,10449.0,58.0,16.0,357584.0,0.2978042648416785,LOW,43.26,-79.87
Hamilton Niagara Haldimand Brant,Pneumonia,2034,Pessimistic,23371.0,123.0,37.0,617303.0,0.3222878948593028,LOW,43.26,-79.87
Hamilton Niagara Haldimand Brant,Mental Health,2034,Pessimistic,64722.0,324.0,81.0,970830.0,0.8656758300160984,LOW,43.26,-79.87
Hamilton Niagara Haldimand Brant,Chronic Kidney Disease,2034,Pessimistic,10356.0,104.0,36.0,670520.0,0.2274437183656472,LOW,43.26,-79.87
Hamilton Niagara Haldimand Brant,Heart Failure,2034,Pessimistic,15533.0,50.0,20.0,343762.0,0.3774611775407055,LOW,43.26,-79.87
Hamilton Niagara Haldimand Brant,COPD,2034,Pessimistic,19417.0,98.0,44.0,699463.0,0.3092655861293952,LOW,43.26,-79.87
Hamilton Niagara Haldimand Brant,Type 2 Diabetes,2034,Pessimistic,23300.0,45.0,17.0,240277.0,0.2304324774211908,LOW,43.26,-79.87
Hamilton Niagara Haldimand Brant,Hypertension,2034,Pessimistic,12944.0,26.0,11.0,125043.0,0.1028240292221059,LOW,43.26,-79.87
Hamilton Niagara Haldimand Brant,Stroke,2034,Pessimistic,11650.0,65.0,18.0,398687.0,0.3580999327708685,LOW,43.26,-79.87
Central West,Pneumonia,2029,Reference,13503.0,71.0,21.0,356664.0,0.2800276955932995,LOW,43.65,-79.91
Central West,Mental Health,2029,Reference,33368.0,167.0,42.0,500523.0,0.6711693650763983,LOW,43.65,-79.91
Central West,Chronic Kidney Disease,2029,Reference,5339.0,53.0,19.0,345694.0,0.1763399771058039,LOW,43.65,-79.91
Central West,Heart Failure,2029,Reference,8008.0,26.0,10.0,177230.0,0.2926504010932981,LOW,43.65,-79.91
Central West,COPD,2029,Reference,10010.0,51.0,23.0,360617.0,0.2397775008672545,LOW,43.65,-79.91
Central West,Type 2 Diabetes,2029,Reference,12013.0,23.0,9.0,123878.0,0.1786571996134928,LOW,43.65,-79.91
Central West,Hypertension,2029,Reference,6674.0,13.0,6.0,64467.0,0.0797207638410263,LOW,43.65,-79.91
Central West,Stroke,2029,Reference,6006.0,33.0,9.0,205548.0,0.2776393843723871,LOW,43.65,-79.91
Central West,Pneumonia,2034,Reference,13578.0,71.0,21.0,358630.0,0.2887173545026939,LOW,43.65,-79.91
Central West,Mental Health,2034,Reference,36481.0,182.0,46.0,547221.0,0.7524118236256687,LOW,43.65,-79.91
Central West,Chronic Kidney Disease,2034,Reference,5837.0,58.0,20.0,377947.0,0.1976852500369765,LOW,43.65,-79.91
Central West,Heart Failure,2034,Reference,8756.0,28.0,11.0,193766.0,0.3280746014775682,LOW,43.65,-79.91
Central West,COPD,2034,Reference,10944.0,55.0,25.0,394262.0,0.2688016409560057,LOW,43.65,-79.91
Central West,Type 2 Diabetes,2034,Reference,13133.0,25.0,10.0,135435.0,0.200282963376527,LOW,43.65,-79.91
Central West,Hypertension,2034,Reference,7296.0,15.0,6.0,70482.0,0.0893706542992023,LOW,43.65,-79.91
Central West,Stroke,2034,Reference,6567.0,36.0,10.0,224725.0,0.3112465591783335,LOW,43.65,-79.91
Central West,Pneumonia,2029,Optimistic,13463.0,71.0,21.0,355597.0,0.2655731956268155,LOW,43.65,-79.91
Central West,Mental Health,2029,Optimistic,32879.0,164.0,41.0,493191.0,0.6290838579225302,LOW,43.65,-79.91
Central West,Chronic Kidney Disease,2029,Optimistic,5261.0,53.0,18.0,340631.0,0.165282622950263,LOW,43.65,-79.91
Central West,Heart Failure,2029,Optimistic,7891.0,25.0,10.0,174634.0,0.274299830894981,LOW,43.65,-79.91
Central West,COPD,2029,Optimistic,9864.0,50.0,22.0,355334.0,0.2247423126522251,LOW,43.65,-79.91
Central West,Type 2 Diabetes,2029,Optimistic,11837.0,23.0,9.0,122063.0,0.1674545446002268,LOW,43.65,-79.91
Central West,Hypertension,2029,Optimistic,6576.0,13.0,6.0,63523.0,0.0747218932853635,LOW,43.65,-79.91
Central West,Stroke,2029,Optimistic,5918.0,33.0,9.0,202537.0,0.2602300762227674,LOW,43.65,-79.91
Central West,Pneumonia,2034,Optimistic,13496.0,71.0,21.0,356486.0,0.2596805339848237,LOW,43.65,-79.91
Central West,Mental Health,2034,Optimistic,35420.0,177.0,44.0,531307.0,0.6610106304909051,LOW,43.65,-79.91
Central West,Chronic Kidney Disease,2034,Optimistic,5667.0,57.0,20.0,366956.0,0.1736709175249545,LOW,43.65,-79.91
Central West,Heart Failure,2034,Optimistic,8501.0,27.0,11.0,188131.0,0.2882208816519474,LOW,43.65,-79.91
Central West,COPD,2034,Optimistic,10626.0,54.0,24.0,382796.0,0.2361482589536192,LOW,43.65,-79.91
Central West,Type 2 Diabetes,2034,Optimistic,12751.0,24.0,9.0,131497.0,0.1759530668459694,LOW,43.65,-79.91
Central West,Hypertension,2034,Optimistic,7084.0,14.0,6.0,68432.0,0.0785141204467445,LOW,43.65,-79.91
Central West,Stroke,2034,Optimistic,6376.0,35.0,10.0,218190.0,0.2734370697807523,LOW,43.65,-79.91
Central West,Pneumonia,2029,Pessimistic,13564.0,71.0,21.0,358270.0,0.2958601945801445,LOW,43.65,-79.91
Central West,Mental Health,2029,Pessimistic,34029.0,170.0,43.0,510434.0,0.7199162316350098,LOW,43.65,-79.91
Central West,Chronic Kidney Disease,2029,Pessimistic,5445.0,54.0,19.0,352540.0,0.1891475064422282,LOW,43.65,-79.91
Central West,Heart Failure,2029,Pessimistic,8167.0,26.0,11.0,180740.0,0.3139055280295451,LOW,43.65,-79.91
Central West,COPD,2029,Pessimistic,10209.0,52.0,23.0,367757.0,0.2571924820131877,LOW,43.65,-79.91
Central West,Type 2 Diabetes,2029,Pessimistic,12250.0,23.0,9.0,126331.0,0.1916330282529641,LOW,43.65,-79.91
Central West,Hypertension,2029,Pessimistic,6806.0,14.0,6.0,65744.0,0.085510863388354,LOW,43.65,-79.91
Central West,Stroke,2029,Pessimistic,6125.0,34.0,10.0,209618.0,0.2978042648416785,LOW,43.65,-79.91
Central West,Pneumonia,2034,Pessimistic,13700.0,72.0,22.0,361867.0,0.3222878948593028,LOW,43.65,-79.91
Central West,Mental Health,2034,Pessimistic,37940.0,190.0,47.0,569107.0,0.8656758300160984,LOW,43.65,-79.91
Central West,Chronic Kidney Disease,2034,Pessimistic,6070.0,61.0,21.0,393063.0,0.2274437183656472,LOW,43.65,-79.91
Central West,Heart Failure,2034,Pessimistic,9106.0,29.0,12.0,201515.0,0.3774611775407055,LOW,43.65,-79.91
Central West,COPD,2034,Pessimistic,11382.0,58.0,26.0,410030.0,0.3092655861293952,LOW,43.65,-79.91
Central West,Type 2 Diabetes,2034,Pessimistic,13659.0,26.0,10.0,140852.0,0.2304324774211908,LOW,43.65,-79.91
Central West,Hypertension,2034,Pessimistic,7588.0,15.0,6.0,73301.0,0.1028240292221059,LOW,43.65,-79.91
Central West,Stroke,2034,Pessimistic,6829.0,38.0,11.0,233713.0,0.3580999327708685,LOW,43.65,-79.91
Mississauga Halton,Pneumonia,2029,Reference,21446.0,112.0,34.0,566467.0,0.2800276955932995,LOW,43.59,-79.64
Mississauga Halton,Mental Health,2029,Reference,52997.0,265.0,66.0,794948.0,0.6711693650763983,LOW,43.59,-79.64
Mississauga Halton,Chronic Kidney Disease,2029,Reference,8479.0,85.0,30.0,549044.0,0.1763399771058039,LOW,43.59,-79.64
Mississauga Halton,Heart Failure,2029,Reference,12719.0,41.0,16.0,281484.0,0.2926504010932981,LOW,43.59,-79.64
Mississauga Halton,COPD,2029,Reference,15899.0,81.0,36.0,572744.0,0.2397775008672545,LOW,43.59,-79.64
Mississauga Halton,Type 2 Diabetes,2029,Reference,19079.0,36.0,14.0,196747.0,0.1786571996134928,LOW,43.59,-79.64
Mississauga Halton,Hypertension,2029,Reference,10599.0,21.0,9.0,102389.0,0.0797207638410263,LOW,43.59,-79.64
Mississauga Halton,Stroke,2029,Reference,9539.0,53.0,15.0,326459.0,0.2776393843723871,LOW,43.59,-79.64
Mississauga Halton,Pneumonia,2034,Reference,21564.0,113.0,34.0,569589.0,0.2887173545026939,LOW,43.59,-79.64
Mississauga Halton,Mental Health,2034,Reference,57941.0,290.0,72.0,869116.0,0.7524118236256687,LOW,43.59,-79.64
Mississauga Halton,Chronic Kidney Disease,2034,Reference,9271.0,93.0,32.0,600269.0,0.1976852500369765,LOW,43.59,-79.64
Mississauga Halton,Heart Failure,2034,Reference,13906.0,45.0,18.0,307746.0,0.3280746014775682,LOW,43.59,-79.64
Mississauga Halton,COPD,2034,Reference,17382.0,88.0,40.0,626180.0,0.2688016409560057,LOW,43.59,-79.64
Mississauga Halton,Type 2 Diabetes,2034,Reference,20859.0,40.0,15.0,215103.0,0.200282963376527,LOW,43.59,-79.64
Mississauga Halton,Hypertension,2034,Reference,11588.0,23.0,10.0,111942.0,0.0893706542992023,LOW,43.59,-79.64
Mississauga Halton,Stroke,2034,Reference,10429.0,58.0,16.0,356917.0,0.3112465591783335,LOW,43.59,-79.64
Mississauga Halton,Pneumonia,2029,Optimistic,21382.0,112.0,34.0,564771.0,0.2655731956268155,LOW,43.59,-79.64
Mississauga Halton,Mental Health,2029,Optimistic,52220.0,261.0,65.0,783303.0,0.6290838579225302,LOW,43.59,-79.64
Mississauga Halton,Chronic Kidney Disease,2029,Optimistic,8355.0,84.0,29.0,541002.0,0.165282622950263,LOW,43.59,-79.64
Mississauga Halton,Heart Failure,2029,Optimistic,12533.0,40.0,16.0,277360.0,0.274299830894981,LOW,43.59,-79.64
Mississauga Halton,COPD,2029,Optimistic,15666.0,79.0,36.0,564354.0,0.2247423126522251,LOW,43.59,-79.64
Mississauga Halton,Type 2 Diabetes,2029,Optimistic,18799.0,36.0,14.0,193865.0,0.1674545446002268,LOW,43.59,-79.64
Mississauga Halton,Hypertension,2029,Optimistic,10444.0,21.0,9.0,100889.0,0.0747218932853635,LOW,43.59,-79.64
Mississauga Halton,Stroke,2029,Optimistic,9400.0,52.0,15.0,321677.0,0.2602300762227674,LOW,43.59,-79.64
Mississauga Halton,Pneumonia,2034,Optimistic,21435.0,112.0,34.0,566184.0,0.2596805339848237,LOW,43.59,-79.64
Mississauga Halton,Mental Health,2034,Optimistic,56256.0,281.0,70.0,843840.0,0.6610106304909051,LOW,43.59,-79.64
Mississauga Halton,Chronic Kidney Disease,2034,Optimistic,9001.0,90.0,32.0,582812.0,0.1736709175249545,LOW,43.59,-79.64
Mississauga Halton,Heart Failure,2034,Optimistic,13501.0,43.0,17.0,298796.0,0.2882208816519474,LOW,43.59,-79.64
Mississauga Halton,COPD,2034,Optimistic,16877.0,86.0,38.0,607970.0,0.2361482589536192,LOW,43.59,-79.64
Mississauga Halton,Type 2 Diabetes,2034,Optimistic,20252.0,39.0,15.0,208848.0,0.1759530668459694,LOW,43.59,-79.64
Mississauga Halton,Hypertension,2034,Optimistic,11251.0,23.0,9.0,108687.0,0.0785141204467445,LOW,43.59,-79.64
Mississauga Halton,Stroke,2034,Optimistic,10126.0,56.0,16.0,346537.0,0.2734370697807523,LOW,43.59,-79.64
Mississauga Halton,Pneumonia,2029,Pessimistic,21543.0,113.0,34.0,569017.0,0.2958601945801445,LOW,43.59,-79.64
Mississauga Halton,Mental Health,2029,Pessimistic,54046.0,270.0,68.0,810689.0,0.7199162316350098,LOW,43.59,-79.64
Mississauga Halton,Chronic Kidney Disease,2029,Pessimistic,8647.0,86.0,30.0,559916.0,0.1891475064422282,LOW,43.59,-79.64
Mississauga Halton,Heart Failure,2029,Pessimistic,12971.0,42.0,17.0,287057.0,0.3139055280295451,LOW,43.59,-79.64
Mississauga Halton,COPD,2029,Pessimistic,16214.0,82.0,37.0,584085.0,0.2571924820131877,LOW,43.59,-79.64
Mississauga Halton,Type 2 Diabetes,2029,Pessimistic,19457.0,37.0,14.0,200643.0,0.1916330282529641,LOW,43.59,-79.64
Mississauga Halton,Hypertension,2029,Pessimistic,10809.0,22.0,9.0,104417.0,0.085510863388354,LOW,43.59,-79.64
Mississauga Halton,Stroke,2029,Pessimistic,9728.0,54.0,15.0,332923.0,0.2978042648416785,LOW,43.59,-79.64
Mississauga Halton,Pneumonia,2034,Pessimistic,21759.0,114.0,34.0,574730.0,0.3222878948593028,LOW,43.59,-79.64
Mississauga Halton,Mental Health,2034,Pessimistic,60258.0,301.0,75.0,903876.0,0.8656758300160984,LOW,43.59,-79.64
Mississauga Halton,Chronic Kidney Disease,2034,Pessimistic,9641.0,96.0,34.0,624277.0,0.2274437183656472,LOW,43.59,-79.64
Mississauga Halton,Heart Failure,2034,Pessimistic,14462.0,47.0,19.0,320054.0,0.3774611775407055,LOW,43.59,-79.64
Mississauga Halton,COPD,2034,Pessimistic,18078.0,92.0,41.0,651224.0,0.3092655861293952,LOW,43.59,-79.64
Mississauga Halton,Type 2 Diabetes,2034,Pessimistic,21693.0,41.0,16.0,223706.0,0.2304324774211908,LOW,43.59,-79.64
Mississauga Halton,Hypertension,2034,Pessimistic,12052.0,24.0,10.0,116419.0,0.1028240292221059,LOW,43.59,-79.64
Mississauga Halton,Stroke,2034,Pessimistic,10847.0,60.0,17.0,371192.0,0.3580999327708685,LOW,43.59,-79.64
Toronto Central,Pneumonia,2029,Reference,26212.0,137.0,41.0,692348.0,0.2800276955932995,LOW,43.65,-79.38
Toronto Central,Mental Health,2029,Reference,64774.0,324.0,81.0,971603.0,0.6711693650763983,LOW,43.65,-79.38
Toronto Central,Chronic Kidney Disease,2029,Reference,10364.0,104.0,36.0,671054.0,0.1763399771058039,LOW,43.65,-79.38
Toronto Central,Heart Failure,2029,Reference,15546.0,50.0,20.0,344036.0,0.2926504010932981,LOW,43.65,-79.38
Toronto Central,COPD,2029,Reference,19432.0,98.0,44.0,700021.0,0.2397775008672545,LOW,43.65,-79.38
Toronto Central,Type 2 Diabetes,2029,Reference,23318.0,45.0,17.0,240468.0,0.1786571996134928,LOW,43.65,-79.38
Toronto Central,Hypertension,2029,Reference,12955.0,26.0,11.0,125142.0,0.0797207638410263,LOW,43.65,-79.38
Toronto Central,Stroke,2029,Reference,11659.0,65.0,18.0,399005.0,0.2776393843723871,LOW,43.65,-79.38
Toronto Central,Pneumonia,2034,Reference,26356.0,138.0,41.0,696164.0,0.2887173545026939,LOW,43.65,-79.38
Toronto Central,Mental Health,2034,Reference,70817.0,354.0,89.0,1062253.0,0.7524118236256687,LOW,43.65,-79.38
Toronto Central,Chronic Kidney Disease,2034,Reference,11331.0,113.0,40.0,733662.0,0.1976852500369765,LOW,43.65,-79.38
Toronto Central,Heart Failure,2034,Reference,16996.0,55.0,22.0,376134.0,0.3280746014775682,LOW,43.65,-79.38
Toronto Central,COPD,2034,Reference,21245.0,108.0,48.0,765332.0,0.2688016409560057,LOW,43.65,-79.38
Toronto Central,Type 2 Diabetes,2034,Reference,25494.0,49.0,19.0,262904.0,0.200282963376527,LOW,43.65,-79.38
Toronto Central,Hypertension,2034,Reference,14163.0,28.0,12.0,136818.0,0.0893706542992023,LOW,43.65,-79.38
Toronto Central,Stroke,2034,Reference,12747.0,71.0,20.0,436232.0,0.3112465591783335,LOW,43.65,-79.38
Toronto Central,Pneumonia,2029,Optimistic,26133.0,137.0,41.0,690276.0,0.2655731956268155,LOW,43.65,-79.38
Toronto Central,Mental Health,2029,Optimistic,63825.0,319.0,80.0,957371.0,0.6290838579225302,LOW,43.65,-79.38
Toronto Central,Chronic Kidney Disease,2029,Optimistic,10212.0,102.0,36.0,661224.0,0.165282622950263,LOW,43.65,-79.38
Toronto Central,Heart Failure,2029,Optimistic,15318.0,49.0,20.0,338996.0,0.274299830894981,LOW,43.65,-79.38
Toronto Central,COPD,2029,Optimistic,19147.0,97.0,44.0,689767.0,0.2247423126522251,LOW,43.65,-79.38
Toronto Central,Type 2 Diabetes,2029,Optimistic,22977.0,44.0,17.0,236946.0,0.1674545446002268,LOW,43.65,-79.38
Toronto Central,Hypertension,2029,Optimistic,12765.0,26.0,11.0,123309.0,0.0747218932853635,LOW,43.65,-79.38
Toronto Central,Stroke,2029,Optimistic,11488.0,64.0,18.0,393160.0,0.2602300762227674,LOW,43.65,-79.38
Toronto Central,Pneumonia,2034,Optimistic,26199.0,137.0,41.0,692003.0,0.2596805339848237,LOW,43.65,-79.38
Toronto Central,Mental Health,2034,Optimistic,68757.0,344.0,86.0,1031360.0,0.6610106304909051,LOW,43.65,-79.38
Toronto Central,Chronic Kidney Disease,2034,Optimistic,11001.0,110.0,39.0,712326.0,0.1736709175249545,LOW,43.65,-79.38
Toronto Central,Heart Failure,2034,Optimistic,16502.0,53.0,21.0,365195.0,0.2882208816519474,LOW,43.65,-79.38
Toronto Central,COPD,2034,Optimistic,20627.0,105.0,47.0,743074.0,0.2361482589536192,LOW,43.65,-79.38
Toronto Central,Type 2 Diabetes,2034,Optimistic,24753.0,47.0,18.0,255258.0,0.1759530668459694,LOW,43.65,-79.38
Toronto Central,Hypertension,2034,Optimistic,13751.0,28.0,12.0,132839.0,0.0785141204467445,LOW,43.65,-79.38
Toronto Central,Stroke,2034,Optimistic,12376.0,69.0,19.0,423545.0,0.2734370697807523,LOW,43.65,-79.38
Toronto Central,Pneumonia,2029,Pessimistic,26330.0,138.0,41.0,695466.0,0.2958601945801445,LOW,43.65,-79.38
Toronto Central,Mental Health,2029,Pessimistic,66056.0,330.0,83.0,990842.0,0.7199162316350098,LOW,43.65,-79.38
Toronto Central,Chronic Kidney Disease,2029,Pessimistic,10569.0,106.0,37.0,684342.0,0.1891475064422282,LOW,43.65,-79.38
Toronto Central,Heart Failure,2029,Pessimistic,15853.0,51.0,20.0,350848.0,0.3139055280295451,LOW,43.65,-79.38
Toronto Central,COPD,2029,Pessimistic,19817.0,100.0,45.0,713882.0,0.2571924820131877,LOW,43.65,-79.38
Toronto Central,Type 2 Diabetes,2029,Pessimistic,23780.0,45.0,17.0,245230.0,0.1916330282529641,LOW,43.65,-79.38
Toronto Central,Hypertension,2029,Pessimistic,13211.0,26.0,11.0,127620.0,0.085510863388354,LOW,43.65,-79.38
Toronto Central,Stroke,2029,Pessimistic,11890.0,66.0,18.0,406906.0,0.2978042648416785,LOW,43.65,-79.38
Toronto Central,Pneumonia,2034,Pessimistic,26594.0,139.0,42.0,702448.0,0.3222878948593028,LOW,43.65,-79.38
Toronto Central,Mental Health,2034,Pessimistic,73649.0,368.0,92.0,1104737.0,0.8656758300160984,LOW,43.65,-79.38
Toronto Central,Chronic Kidney Disease,2034,Pessimistic,11784.0,118.0,41.0,763005.0,0.2274437183656472,LOW,43.65,-79.38
Toronto Central,Heart Failure,2034,Pessimistic,17676.0,57.0,23.0,391177.0,0.3774611775407055,LOW,43.65,-79.38
Toronto Central,COPD,2034,Pessimistic,22095.0,112.0,50.0,795941.0,0.3092655861293952,LOW,43.65,-79.38
Toronto Central,Type 2 Diabetes,2034,Pessimistic,26514.0,51.0,19.0,273419.0,0.2304324774211908,LOW,43.65,-79.38
Toronto Central,Hypertension,2034,Pessimistic,14730.0,29.0,12.0,142290.0,0.1028240292221059,LOW,43.65,-79.38
Toronto Central,Stroke,2034,Pessimistic,13257.0,74.0,21.0,453679.0,0.3580999327708685,LOW,43.65,-79.38
Central,Pneumonia,2029,Reference,27801.0,146.0,44.0,734309.0,0.2800276955932995,LOW,43.88,-79.27
Central,Mental Health,2029,Reference,68699.0,343.0,86.0,1030488.0,0.6711693650763983,LOW,43.88,-79.27
Central,Chronic Kidney Disease,2029,Reference,10992.0,110.0,38.0,711724.0,0.1763399771058039,LOW,43.88,-79.27
Central,Heart Failure,2029,Reference,16488.0,53.0,21.0,364886.0,0.2926504010932981,LOW,43.88,-79.27
Central,COPD,2029,Reference,20610.0,104.0,47.0,742446.0,0.2397775008672545,LOW,43.88,-79.27
Central,Type 2 Diabetes,2029,Reference,24732.0,47.0,18.0,255042.0,0.1786571996134928,LOW,43.88,-79.27
Central,Hypertension,2029,Reference,13740.0,27.0,12.0,132727.0,0.0797207638410263,LOW,43.88,-79.27
Central,Stroke,2029,Reference,12366.0,69.0,19.0,423187.0,0.2776393843723871,LOW,43.88,-79.27
Central,Pneumonia,2034,Reference,27954.0,147.0,44.0,738356.0,0.2887173545026939,LOW,43.88,-79.27
Central,Mental Health,2034,Reference,75109.0,376.0,94.0,1126631.0,0.7524118236256687,LOW,43.88,-79.27
Central,Chronic Kidney Disease,2034,Reference,12017.0,120.0,42.0,778127.0,0.1976852500369765,LOW,43.88,-79.27
Central,Heart Failure,2034,Reference,18026.0,58.0,23.0,398930.0,0.3280746014775682,LOW,43.88,-79.27
Central,COPD,2034,Reference,22533.0,114.0,51.0,811715.0,0.2688016409560057,LOW,43.88,-79.27
Central,Type 2 Diabetes,2034,Reference,27039.0,52.0,20.0,278837.0,0.200282963376527,LOW,43.88,-79.27
Central,Hypertension,2034,Reference,15022.0,30.0,13.0,145110.0,0.0893706542992023,LOW,43.88,-79.27
Central,Stroke,2034,Reference,13520.0,75.0,21.0,462670.0,0.3112465591783335,LOW,43.88,-79.27
Central,Pneumonia,2029,Optimistic,27717.0,145.0,44.0,732111.0,0.2655731956268155,LOW,43.88,-79.27
Central,Mental Health,2029,Optimistic,67693.0,338.0,85.0,1015393.0,0.6290838579225302,LOW,43.88,-79.27
Central,Chronic Kidney Disease,2029,Optimistic,10831.0,108.0,38.0,701298.0,0.165282622950263,LOW,43.88,-79.27
Central,Heart Failure,2029,Optimistic,16246.0,52.0,21.0,359541.0,0.274299830894981,LOW,43.88,-79.27
Central,COPD,2029,Optimistic,20308.0,103.0,46.0,731571.0,0.2247423126522251,LOW,43.88,-79.27
Central,Type 2 Diabetes,2029,Optimistic,24369.0,47.0,18.0,251306.0,0.1674545446002268,LOW,43.88,-79.27
Central,Hypertension,2029,Optimistic,13539.0,27.0,11.0,130783.0,0.0747218932853635,LOW,43.88,-79.27
Central,Stroke,2029,Optimistic,12185.0,68.0,19.0,416988.0,0.2602300762227674,LOW,43.88,-79.27
Central,Pneumonia,2034,Optimistic,27787.0,146.0,44.0,733943.0,0.2596805339848237,LOW,43.88,-79.27
Central,Mental Health,2034,Optimistic,72924.0,365.0,91.0,1093867.0,0.6610106304909051,LOW,43.88,-79.27
Central,Chronic Kidney Disease,2034,Optimistic,11668.0,117.0,41.0,755497.0,0.1736709175249545,LOW,43.88,-79.27
Central,Heart Failure,2034,Optimistic,17502.0,56.0,23.0,387328.0,0.2882208816519474,LOW,43.88,-79.27
Central,COPD,2034,Optimistic,21877.0,111.0,50.0,788109.0,0.2361482589536192,LOW,43.88,-79.27
Central,Type 2 Diabetes,2034,Optimistic,26253.0,50.0,19.0,270728.0,0.1759530668459694,LOW,43.88,-79.27
Central,Hypertension,2034,Optimistic,14585.0,29.0,12.0,140890.0,0.0785141204467445,LOW,43.88,-79.27
Central,Stroke,2034,Optimistic,13126.0,73.0,20.0,449215.0,0.2734370697807523,LOW,43.88,-79.27
Central,Pneumonia,2029,Pessimistic,27926.0,146.0,44.0,737615.0,0.2958601945801445,LOW,43.88,-79.27
Central,Mental Health,2029,Pessimistic,70060.0,350.0,88.0,1050893.0,0.7199162316350098,LOW,43.88,-79.27
Central,Chronic Kidney Disease,2029,Pessimistic,11210.0,112.0,39.0,725817.0,0.1891475064422282,LOW,43.88,-79.27
Central,Heart Failure,2029,Pessimistic,16814.0,54.0,22.0,372111.0,0.3139055280295451,LOW,43.88,-79.27
Central,COPD,2029,Pessimistic,21018.0,106.0,48.0,757148.0,0.2571924820131877,LOW,43.88,-79.27
Central,Type 2 Diabetes,2029,Pessimistic,25221.0,48.0,18.0,260092.0,0.1916330282529641,LOW,43.88,-79.27
Central,Hypertension,2029,Pessimistic,14012.0,28.0,12.0,135355.0,0.085510863388354,LOW,43.88,-79.27
Central,Stroke,2029,Pessimistic,12611.0,70.0,20.0,431567.0,0.2978042648416785,LOW,43.88,-79.27
Central,Pneumonia,2034,Pessimistic,28206.0,148.0,44.0,745021.0,0.3222878948593028,LOW,43.88,-79.27
Central,Mental Health,2034,Pessimistic,78113.0,391.0,98.0,1171691.0,0.8656758300160984,LOW,43.88,-79.27
Central,Chronic Kidney Disease,2034,Pessimistic,12498.0,125.0,44.0,809248.0,0.2274437183656472,LOW,43.88,-79.27
Central,Heart Failure,2034,Pessimistic,18747.0,60.0,24.0,414885.0,0.3774611775407055,LOW,43.88,-79.27
Central,COPD,2034,Pessimistic,23434.0,119.0,53.0,844180.0,0.3092655861293952,LOW,43.88,-79.27
Central,Type 2 Diabetes,2034,Pessimistic,28121.0,54.0,20.0,289989.0,0.2304324774211908,LOW,43.88,-79.27
Central,Hypertension,2034,Pessimistic,15623.0,31.0,13.0,150914.0,0.1028240292221059,LOW,43.88,-79.27
Central,Stroke,2034,Pessimistic,14060.0,78.0,22.0,481174.0,0.3580999327708685,LOW,43.88,-79.27
Central East,Pneumonia,2029,Reference,24623.0,129.0,39.0,650388.0,0.2800276955932995,LOW,44.08,-78.93
Central East,Mental Health,2029,Reference,60848.0,304.0,76.0,912718.0,0.6711693650763983,LOW,44.08,-78.93
Central East,Chronic Kidney Disease,2029,Reference,9736.0,97.0,34.0,630384.0,0.1763399771058039,LOW,44.08,-78.93
Central East,Heart Failure,2029,Reference,14603.0,47.0,19.0,323185.0,0.2926504010932981,LOW,44.08,-78.93
Central East,COPD,2029,Reference,18254.0,92.0,42.0,657595.0,0.2397775008672545,LOW,44.08,-78.93
Central East,Type 2 Diabetes,2029,Reference,21905.0,42.0,16.0,225895.0,0.1786571996134928,LOW,44.08,-78.93
Central East,Hypertension,2029,Reference,12170.0,24.0,10.0,117558.0,0.0797207638410263,LOW,44.08,-78.93
Central East,Stroke,2029,Reference,10953.0,61.0,17.0,374823.0,0.2776393843723871,LOW,44.08,-78.93
Central East,Pneumonia,2034,Reference,24759.0,130.0,39.0,653973.0,0.2887173545026939,LOW,44.08,-78.93
Central East,Mental Health,2034,Reference,66525.0,333.0,83.0,997874.0,0.7524118236256687,LOW,44.08,-78.93
Central East,Chronic Kidney Disease,2034,Reference,10644.0,106.0,37.0,689198.0,0.1976852500369765,LOW,44.08,-78.93
Central East,Heart Failure,2034,Reference,15966.0,51.0,21.0,353338.0,0.3280746014775682,LOW,44.08,-78.93
Central East,COPD,2034,Reference,19957.0,101.0,46.0,718948.0,0.2688016409560057,LOW,44.08,-78.93
Central East,Type 2 Diabetes,2034,Reference,23949.0,46.0,17.0,246970.0,0.200282963376527,LOW,44.08,-78.93
Central East,Hypertension,2034,Reference,13305.0,27.0,11.0,128526.0,0.0893706542992023,LOW,44.08,-78.93
Central East,Stroke,2034,Reference,11974.0,67.0,19.0,409793.0,0.3112465591783335,LOW,44.08,-78.93
Central East,Pneumonia,2029,Optimistic,24550.0,129.0,39.0,648441.0,0.2655731956268155,LOW,44.08,-78.93
Central East,Mental Health,2029,Optimistic,59957.0,300.0,75.0,899348.0,0.6290838579225302,LOW,44.08,-78.93
Central East,Chronic Kidney Disease,2029,Optimistic,9593.0,96.0,34.0,621150.0,0.165282622950263,LOW,44.08,-78.93
Central East,Heart Failure,2029,Optimistic,14390.0,46.0,19.0,318451.0,0.274299830894981,LOW,44.08,-78.93
Central East,COPD,2029,Optimistic,17987.0,91.0,41.0,647963.0,0.2247423126522251,LOW,44.08,-78.93
Central East,Type 2 Diabetes,2029,Optimistic,21584.0,41.0,16.0,222586.0,0.1674545446002268,LOW,44.08,-78.93
Central East,Hypertension,2029,Optimistic,11991.0,24.0,10.0,115836.0,0.0747218932853635,LOW,44.08,-78.93
Central East,Stroke,2029,Optimistic,10792.0,60.0,17.0,369332.0,0.2602300762227674,LOW,44.08,-78.93
Central East,Pneumonia,2034,Optimistic,24611.0,129.0,39.0,650064.0,0.2596805339848237,LOW,44.08,-78.93
Central East,Mental Health,2034,Optimistic,64590.0,323.0,81.0,968854.0,0.6610106304909051,LOW,44.08,-78.93
Central East,Chronic Kidney Disease,2034,Optimistic,10334.0,103.0,36.0,669155.0,0.1736709175249545,LOW,44.08,-78.93
Central East,Heart Failure,2034,Optimistic,15502.0,50.0,20.0,343062.0,0.2882208816519474,LOW,44.08,-78.93
Central East,COPD,2034,Optimistic,19377.0,98.0,44.0,698040.0,0.2361482589536192,LOW,44.08,-78.93
Central East,Type 2 Diabetes,2034,Optimistic,23252.0,44.0,17.0,239788.0,0.1759530668459694,LOW,44.08,-78.93
Central East,Hypertension,2034,Optimistic,12918.0,26.0,11.0,124788.0,0.0785141204467445,LOW,44.08,-78.93
Central East,Stroke,2034,Optimistic,11626.0,65.0,18.0,397876.0,0.2734370697807523,LOW,44.08,-78.93
Central East,Pneumonia,2029,Pessimistic,24734.0,130.0,39.0,653316.0,0.2958601945801445,LOW,44.08,-78.93
Central East,Mental Health,2029,Pessimistic,62053.0,310.0,78.0,930791.0,0.7199162316350098,LOW,44.08,-78.93
Central East,Chronic Kidney Disease,2029,Pessimistic,9928.0,99.0,35.0,642866.0,0.1891475064422282,LOW,44.08,-78.93
Central East,Heart Failure,2029,Pessimistic,14893.0,48.0,19.0,329584.0,0.3139055280295451,LOW,44.08,-78.93
Central East,COPD,2029,Pessimistic,18616.0,94.0,42.0,670616.0,0.2571924820131877,LOW,44.08,-78.93
Central East,Type 2 Diabetes,2029,Pessimistic,22339.0,43.0,16.0,230368.0,0.1916330282529641,LOW,44.08,-78.93
Central East,Hypertension,2029,Pessimistic,12411.0,25.0,10.0,119886.0,0.085510863388354,LOW,44.08,-78.93
Central East,Stroke,2029,Pessimistic,11169.0,62.0,17.0,382245.0,0.2978042648416785,LOW,44.08,-78.93
Central East,Pneumonia,2034,Pessimistic,24983.0,131.0,39.0,659876.0,0.3222878948593028,LOW,44.08,-78.93
Central East,Mental Health,2034,Pessimistic,69186.0,346.0,86.0,1037783.0,0.8656758300160984,LOW,44.08,-78.93
Central East,Chronic Kidney Disease,2034,Pessimistic,11070.0,111.0,39.0,716762.0,0.2274437183656472,LOW,44.08,-78.93
Central East,Heart Failure,2034,Pessimistic,16605.0,53.0,21.0,367469.0,0.3774611775407055,LOW,44.08,-78.93
Central East,COPD,2034,Pessimistic,20756.0,105.0,47.0,747702.0,0.3092655861293952,LOW,44.08,-78.93
Central East,Type 2 Diabetes,2034,Pessimistic,24907.0,48.0,18.0,256848.0,0.2304324774211908,LOW,44.08,-78.93
Central East,Hypertension,2034,Pessimistic,13837.0,28.0,12.0,133667.0,0.1028240292221059,LOW,44.08,-78.93
Central East,Stroke,2034,Pessimistic,12453.0,69.0,19.0,426183.0,0.3580999327708685,LOW,44.08,-78.93
South East,Pneumonia,2029,Reference,7943.0,42.0,12.0,209802.0,0.2800276955932995,LOW,44.23,-76.49
South East,Mental Health,2029,Reference,19628.0,98.0,25.0,294425.0,0.6711693650763983,LOW,44.23,-76.49
South East,Chronic Kidney Disease,2029,Reference,3141.0,31.0,11.0,203350.0,0.1763399771058039,LOW,44.23,-76.49
South East,Heart Failure,2029,Reference,4711.0,15.0,6.0,104253.0,0.2926504010932981,LOW,44.23,-76.49
South East,COPD,2029,Reference,5889.0,30.0,13.0,212127.0,0.2397775008672545,LOW,44.23,-76.49
South East,Type 2 Diabetes,2029,Reference,7066.0,14.0,5.0,72869.0,0.1786571996134928,LOW,44.23,-76.49
South East,Hypertension,2029,Reference,3926.0,8.0,3.0,37922.0,0.0797207638410263,LOW,44.23,-76.49
South East,Stroke,2029,Reference,3533.0,20.0,5.0,120911.0,0.2776393843723871,LOW,44.23,-76.49
South East,Pneumonia,2034,Reference,7987.0,42.0,13.0,210959.0,0.2887173545026939,LOW,44.23,-76.49
South East,Mental Health,2034,Reference,21460.0,107.0,27.0,321895.0,0.7524118236256687,LOW,44.23,-76.49
South East,Chronic Kidney Disease,2034,Reference,3434.0,34.0,12.0,222322.0,0.1976852500369765,LOW,44.23,-76.49
South East,Heart Failure,2034,Reference,5150.0,17.0,7.0,113980.0,0.3280746014775682,LOW,44.23,-76.49
South East,COPD,2034,Reference,6438.0,33.0,15.0,231919.0,0.2688016409560057,LOW,44.23,-76.49
South East,Type 2 Diabetes,2034,Reference,7725.0,15.0,6.0,79668.0,0.200282963376527,LOW,44.23,-76.49
South East,Hypertension,2034,Reference,4292.0,9.0,4.0,41460.0,0.0893706542992023,LOW,44.23,-76.49
South East,Stroke,2034,Reference,3863.0,21.0,6.0,132191.0,0.3112465591783335,LOW,44.23,-76.49
South East,Pneumonia,2029,Optimistic,7919.0,42.0,12.0,209174.0,0.2655731956268155,LOW,44.23,-76.49
South East,Mental Health,2029,Optimistic,19341.0,97.0,24.0,290112.0,0.6290838579225302,LOW,44.23,-76.49
South East,Chronic Kidney Disease,2029,Optimistic,3095.0,31.0,11.0,200371.0,0.165282622950263,LOW,44.23,-76.49
South East,Heart Failure,2029,Optimistic,4642.0,15.0,6.0,102726.0,0.274299830894981,LOW,44.23,-76.49
South East,COPD,2029,Optimistic,5802.0,29.0,13.0,209020.0,0.2247423126522251,LOW,44.23,-76.49
South East,Type 2 Diabetes,2029,Optimistic,6963.0,13.0,5.0,71802.0,0.1674545446002268,LOW,44.23,-76.49
South East,Hypertension,2029,Optimistic,3868.0,8.0,3.0,37366.0,0.0747218932853635,LOW,44.23,-76.49
South East,Stroke,2029,Optimistic,3481.0,19.0,5.0,119139.0,0.2602300762227674,LOW,44.23,-76.49
South East,Pneumonia,2034,Optimistic,7939.0,42.0,12.0,209698.0,0.2596805339848237,LOW,44.23,-76.49
South East,Mental Health,2034,Optimistic,20836.0,104.0,26.0,312533.0,0.6610106304909051,LOW,44.23,-76.49
South East,Chronic Kidney Disease,2034,Optimistic,3334.0,33.0,12.0,215856.0,0.1736709175249545,LOW,44.23,-76.49
South East,Heart Failure,2034,Optimistic,5001.0,16.0,6.0,110665.0,0.2882208816519474,LOW,44.23,-76.49
South East,COPD,2034,Optimistic,6251.0,32.0,14.0,225174.0,0.2361482589536192,LOW,44.23,-76.49
South East,Type 2 Diabetes,2034,Optimistic,7501.0,14.0,5.0,77351.0,0.1759530668459694,LOW,44.23,-76.49
South East,Hypertension,2034,Optimistic,4167.0,8.0,4.0,40254.0,0.0785141204467445,LOW,44.23,-76.49
South East,Stroke,2034,Optimistic,3750.0,21.0,6.0,128347.0,0.2734370697807523,LOW,44.23,-76.49
South East,Pneumonia,2029,Pessimistic,7979.0,42.0,13.0,210747.0,0.2958601945801445,LOW,44.23,-76.49
South East,Mental Health,2029,Pessimistic,20017.0,100.0,25.0,300255.0,0.7199162316350098,LOW,44.23,-76.49
South East,Chronic Kidney Disease,2029,Pessimistic,3203.0,32.0,11.0,207376.0,0.1891475064422282,LOW,44.23,-76.49
South East,Heart Failure,2029,Pessimistic,4804.0,15.0,6.0,106318.0,0.3139055280295451,LOW,44.23,-76.49
South East,COPD,2029,Pessimistic,6005.0,30.0,14.0,216328.0,0.2571924820131877,LOW,44.23,-76.49
South East,Type 2 Diabetes,2029,Pessimistic,7206.0,14.0,5.0,74312.0,0.1916330282529641,LOW,44.23,-76.49
South East,Hypertension,2029,Pessimistic,4003.0,8.0,3.0,38673.0,0.085510863388354,LOW,44.23,-76.49
South East,Stroke,2029,Pessimistic,3603.0,20.0,6.0,123305.0,0.2978042648416785,LOW,44.23,-76.49
South East,Pneumonia,2034,Pessimistic,8059.0,42.0,13.0,212863.0,0.3222878948593028,LOW,44.23,-76.49
South East,Mental Health,2034,Pessimistic,22318.0,112.0,28.0,334769.0,0.8656758300160984,LOW,44.23,-76.49
South East,Chronic Kidney Disease,2034,Pessimistic,3571.0,36.0,12.0,231214.0,0.2274437183656472,LOW,44.23,-76.49
South East,Heart Failure,2034,Pessimistic,5356.0,17.0,7.0,118539.0,0.3774611775407055,LOW,44.23,-76.49
South East,COPD,2034,Pessimistic,6695.0,34.0,15.0,241194.0,0.3092655861293952,LOW,44.23,-76.49
South East,Type 2 Diabetes,2034,Pessimistic,8034.0,15.0,6.0,82854.0,0.2304324774211908,LOW,44.23,-76.49
South East,Hypertension,2034,Pessimistic,4464.0,9.0,4.0,43118.0,0.1028240292221059,LOW,44.23,-76.49
South East,Stroke,2034,Pessimistic,4017.0,22.0,6.0,137478.0,0.3580999327708685,LOW,44.23,-76.49
Champlain,Pneumonia,2029,Reference,21446.0,112.0,34.0,566467.0,0.2800276955932995,LOW,45.42,-75.69
Champlain,Mental Health,2029,Reference,52997.0,265.0,66.0,794948.0,0.6711693650763983,LOW,45.42,-75.69
Champlain,Chronic Kidney Disease,2029,Reference,8479.0,85.0,30.0,549044.0,0.1763399771058039,LOW,45.42,-75.69
Champlain,Heart Failure,2029,Reference,12719.0,41.0,16.0,281484.0,0.2926504010932981,LOW,45.42,-75.69
Champlain,COPD,2029,Reference,15899.0,81.0,36.0,572744.0,0.2397775008672545,LOW,45.42,-75.69
Champlain,Type 2 Diabetes,2029,Reference,19079.0,36.0,14.0,196747.0,0.1786571996134928,LOW,45.42,-75.69
Champlain,Hypertension,2029,Reference,10599.0,21.0,9.0,102389.0,0.0797207638410263,LOW,45.42,-75.69
Champlain,Stroke,2029,Reference,9539.0,53.0,15.0,326459.0,0.2776393843723871,LOW,45.42,-75.69
Champlain,Pneumonia,2034,Reference,21564.0,113.0,34.0,569589.0,0.2887173545026939,LOW,45.42,-75.69
Champlain,Mental Health,2034,Reference,57941.0,290.0,72.0,869116.0,0.7524118236256687,LOW,45.42,-75.69
Champlain,Chronic Kidney Disease,2034,Reference,9271.0,93.0,32.0,600269.0,0.1976852500369765,LOW,45.42,-75.69
Champlain,Heart Failure,2034,Reference,13906.0,45.0,18.0,307746.0,0.3280746014775682,LOW,45.42,-75.69
Champlain,COPD,2034,Reference,17382.0,88.0,40.0,626180.0,0.2688016409560057,LOW,45.42,-75.69
Champlain,Type 2 Diabetes,2034,Reference,20859.0,40.0,15.0,215103.0,0.200282963376527,LOW,45.42,-75.69
Champlain,Hypertension,2034,Reference,11588.0,23.0,10.0,111942.0,0.0893706542992023,LOW,45.42,-75.69
Champlain,Stroke,2034,Reference,10429.0,58.0,16.0,356917.0,0.3112465591783335,LOW,45.42,-75.69
Champlain,Pneumonia,2029,Optimistic,21382.0,112.0,34.0,564771.0,0.2655731956268155,LOW,45.42,-75.69
Champlain,Mental Health,2029,Optimistic,52220.0,261.0,65.0,783303.0,0.6290838579225302,LOW,45.42,-75.69
Champlain,Chronic Kidney Disease,2029,Optimistic,8355.0,84.0,29.0,541002.0,0.165282622950263,LOW,45.42,-75.69
Champlain,Heart Failure,2029,Optimistic,12533.0,40.0,16.0,277360.0,0.274299830894981,LOW,45.42,-75.69
Champlain,COPD,2029,Optimistic,15666.0,79.0,36.0,564354.0,0.2247423126522251,LOW,45.42,-75.69
Champlain,Type 2 Diabetes,2029,Optimistic,18799.0,36.0,14.0,193865.0,0.1674545446002268,LOW,45.42,-75.69
Champlain,Hypertension,2029,Optimistic,10444.0,21.0,9.0,100889.0,0.0747218932853635,LOW,45.42,-75.69
Champlain,Stroke,2029,Optimistic,9400.0,52.0,15.0,321677.0,0.2602300762227674,LOW,45.42,-75.69
Champlain,Pneumonia,2034,Optimistic,21435.0,112.0,34.0,566184.0,0.2596805339848237,LOW,45.42,-75.69
Champlain,Mental Health,2034,Optimistic,56256.0,281.0,70.0,843840.0,0.6610106304909051,LOW,45.42,-75.69
Champlain,Chronic Kidney Disease,2034,Optimistic,9001.0,90.0,32.0,582812.0,0.1736709175249545,LOW,45.42,-75.69
Champlain,Heart Failure,2034,Optimistic,13501.0,43.0,17.0,298796.0,0.2882208816519474,LOW,45.42,-75.69
Champlain,COPD,2034,Optimistic,16877.0,86.0,38.0,607970.0,0.2361482589536192,LOW,45.42,-75.69
Champlain,Type 2 Diabetes,2034,Optimistic,20252.0,39.0,15.0,208848.0,0.1759530668459694,LOW,45.42,-75.69
Champlain,Hypertension,2034,Optimistic,11251.0,23.0,9.0,108687.0,0.0785141204467445,LOW,45.42,-75.69
Champlain,Stroke,2034,Optimistic,10126.0,56.0,16.0,346537.0,0.2734370697807523,LOW,45.42,-75.69
Champlain,Pneumonia,2029,Pessimistic,21543.0,113.0,34.0,569017.0,0.2958601945801445,LOW,45.42,-75.69
Champlain,Mental Health,2029,Pessimistic,54046.0,270.0,68.0,810689.0,0.7199162316350098,LOW,45.42,-75.69
Champlain,Chronic Kidney Disease,2029,Pessimistic,8647.0,86.0,30.0,559916.0,0.1891475064422282,LOW,45.42,-75.69
Champlain,Heart Failure,2029,Pessimistic,12971.0,42.0,17.0,287057.0,0.3139055280295451,LOW,45.42,-75.69
Champlain,COPD,2029,Pessimistic,16214.0,82.0,37.0,584085.0,0.2571924820131877,LOW,45.42,-75.69
Champlain,Type 2 Diabetes,2029,Pessimistic,19457.0,37.0,14.0,200643.0,0.1916330282529641,LOW,45.42,-75.69
Champlain,Hypertension,2029,Pessimistic,10809.0,22.0,9.0,104417.0,0.085510863388354,LOW,45.42,-75.69
Champlain,Stroke,2029,Pessimistic,9728.0,54.0,15.0,332923.0,0.2978042648416785,LOW,45.42,-75.69
Champlain,Pneumonia,2034,Pessimistic,21759.0,114.0,34.0,574730.0,0.3222878948593028,LOW,45.42,-75.69
Champlain,Mental Health,2034,Pessimistic,60258.0,301.0,75.0,903876.0,0.8656758300160984,LOW,45.42,-75.69
Champlain,Chronic Kidney Disease,2034,Pessimistic,9641.0,96.0,34.0,624277.0,0.2274437183656472,LOW,45.42,-75.69
Champlain,Heart Failure,2034,Pessimistic,14462.0,47.0,19.0,320054.0,0.3774611775407055,LOW,45.42,-75.69
Champlain,COPD,2034,Pessimistic,18078.0,92.0,41.0,651224.0,0.3092655861293952,LOW,45.42,-75.69
Champlain,Type 2 Diabetes,2034,Pessimistic,21693.0,41.0,16.0,223706.0,0.2304324774211908,LOW,45.42,-75.69
Champlain,Hypertension,2034,Pessimistic,12052.0,24.0,10.0,116419.0,0.1028240292221059,LOW,45.42,-75.69
Champlain,Stroke,2034,Pessimistic,10847.0,60.0,17.0,371192.0,0.3580999327708685,LOW,45.42,-75.69
North Simcoe Muskoka,Pneumonia,2029,Reference,7546.0,40.0,12.0,199312.0,0.2800276955932995,LOW,44.6,-79.38
North Simcoe Muskoka,Mental Health,2029,Reference,18647.0,93.0,23.0,279704.0,0.6711693650763983,LOW,44.6,-79.38
North Simcoe Muskoka,Chronic Kidney Disease,2029,Reference,2984.0,30.0,10.0,193182.0,0.1763399771058039,LOW,44.6,-79.38
North Simcoe Muskoka,Heart Failure,2029,Reference,4475.0,14.0,6.0,99041.0,0.2926504010932981,LOW,44.6,-79.38
North Simcoe Muskoka,COPD,2029,Reference,5594.0,28.0,13.0,201521.0,0.2397775008672545,LOW,44.6,-79.38
North Simcoe Muskoka,Type 2 Diabetes,2029,Reference,6713.0,13.0,5.0,69226.0,0.1786571996134928,LOW,44.6,-79.38
North Simcoe Muskoka,Hypertension,2029,Reference,3729.0,7.0,3.0,36026.0,0.0797207638410263,LOW,44.6,-79.38
North Simcoe Muskoka,Stroke,2029,Reference,3356.0,19.0,5.0,114865.0,0.2776393843723871,LOW,44.6,-79.38
North Simcoe Muskoka,Pneumonia,2034,Reference,7587.0,40.0,12.0,200411.0,0.2887173545026939,LOW,44.6,-79.38
North Simcoe Muskoka,Mental Health,2034,Reference,20387.0,102.0,25.0,305800.0,0.7524118236256687,LOW,44.6,-79.38
North Simcoe Muskoka,Chronic Kidney Disease,2034,Reference,3262.0,33.0,11.0,211206.0,0.1976852500369765,LOW,44.6,-79.38
North Simcoe Muskoka,Heart Failure,2034,Reference,4893.0,16.0,6.0,108281.0,0.3280746014775682,LOW,44.6,-79.38
North Simcoe Muskoka,COPD,2034,Reference,6116.0,31.0,14.0,220323.0,0.2688016409560057,LOW,44.6,-79.38
North Simcoe Muskoka,Type 2 Diabetes,2034,Reference,7339.0,14.0,5.0,75684.0,0.200282963376527,LOW,44.6,-79.38
North Simcoe Muskoka,Hypertension,2034,Reference,4077.0,8.0,3.0,39387.0,0.0893706542992023,LOW,44.6,-79.38
North Simcoe Muskoka,Stroke,2034,Reference,3670.0,20.0,6.0,125582.0,0.3112465591783335,LOW,44.6,-79.38
North Simcoe Muskoka,Pneumonia,2029,Optimistic,7523.0,39.0,12.0,198716.0,0.2655731956268155,LOW,44.6,-79.38
North Simcoe Muskoka,Mental Health,2029,Optimistic,18374.0,92.0,23.0,275607.0,0.6290838579225302,LOW,44.6,-79.38
North Simcoe Muskoka,Chronic Kidney Disease,2029,Optimistic,2940.0,29.0,10.0,190352.0,0.165282622950263,LOW,44.6,-79.38
North Simcoe Muskoka,Heart Failure,2029,Optimistic,4410.0,14.0,6.0,97590.0,0.274299830894981,LOW,44.6,-79.38
North Simcoe Muskoka,COPD,2029,Optimistic,5512.0,28.0,13.0,198569.0,0.2247423126522251,LOW,44.6,-79.38
North Simcoe Muskoka,Type 2 Diabetes,2029,Optimistic,6615.0,13.0,5.0,68212.0,0.1674545446002268,LOW,44.6,-79.38
North Simcoe Muskoka,Hypertension,2029,Optimistic,3675.0,7.0,3.0,35498.0,0.0747218932853635,LOW,44.6,-79.38
North Simcoe Muskoka,Stroke,2029,Optimistic,3307.0,18.0,5.0,113183.0,0.2602300762227674,LOW,44.6,-79.38
North Simcoe Muskoka,Pneumonia,2034,Optimistic,7542.0,40.0,12.0,199213.0,0.2596805339848237,LOW,44.6,-79.38
North Simcoe Muskoka,Mental Health,2034,Optimistic,19794.0,99.0,25.0,296907.0,0.6610106304909051,LOW,44.6,-79.38
North Simcoe Muskoka,Chronic Kidney Disease,2034,Optimistic,3167.0,32.0,11.0,205064.0,0.1736709175249545,LOW,44.6,-79.38
North Simcoe Muskoka,Heart Failure,2034,Optimistic,4751.0,15.0,6.0,105132.0,0.2882208816519474,LOW,44.6,-79.38
North Simcoe Muskoka,COPD,2034,Optimistic,5938.0,30.0,14.0,213915.0,0.2361482589536192,LOW,44.6,-79.38
North Simcoe Muskoka,Type 2 Diabetes,2034,Optimistic,7126.0,14.0,5.0,73483.0,0.1759530668459694,LOW,44.6,-79.38
North Simcoe Muskoka,Hypertension,2034,Optimistic,3959.0,8.0,3.0,38242.0,0.0785141204467445,LOW,44.6,-79.38
North Simcoe Muskoka,Stroke,2034,Optimistic,3563.0,20.0,6.0,121930.0,0.2734370697807523,LOW,44.6,-79.38
North Simcoe Muskoka,Pneumonia,2029,Pessimistic,7580.0,40.0,12.0,200210.0,0.2958601945801445,LOW,44.6,-79.38
North Simcoe Muskoka,Mental Health,2029,Pessimistic,19016.0,95.0,24.0,285242.0,0.7199162316350098,LOW,44.6,-79.38
North Simcoe Muskoka,Chronic Kidney Disease,2029,Pessimistic,3043.0,30.0,11.0,197007.0,0.1891475064422282,LOW,44.6,-79.38
North Simcoe Muskoka,Heart Failure,2029,Pessimistic,4564.0,15.0,6.0,101002.0,0.3139055280295451,LOW,44.6,-79.38
North Simcoe Muskoka,COPD,2029,Pessimistic,5705.0,29.0,13.0,205511.0,0.2571924820131877,LOW,44.6,-79.38
North Simcoe Muskoka,Type 2 Diabetes,2029,Pessimistic,6846.0,13.0,5.0,70597.0,0.1916330282529641,LOW,44.6,-79.38
North Simcoe Muskoka,Hypertension,2029,Pessimistic,3803.0,8.0,3.0,36739.0,0.085510863388354,LOW,44.6,-79.38
North Simcoe Muskoka,Stroke,2029,Pessimistic,3423.0,19.0,5.0,117140.0,0.2978042648416785,LOW,44.6,-79.38
North Simcoe Muskoka,Pneumonia,2034,Pessimistic,7656.0,40.0,12.0,202220.0,0.3222878948593028,LOW,44.6,-79.38
North Simcoe Muskoka,Mental Health,2034,Pessimistic,21202.0,106.0,27.0,318030.0,0.8656758300160984,LOW,44.6,-79.38
North Simcoe Muskoka,Chronic Kidney Disease,2034,Pessimistic,3392.0,34.0,12.0,219653.0,0.2274437183656472,LOW,44.6,-79.38
North Simcoe Muskoka,Heart Failure,2034,Pessimistic,5088.0,16.0,7.0,112612.0,0.3774611775407055,LOW,44.6,-79.38
North Simcoe Muskoka,COPD,2034,Pessimistic,6361.0,32.0,15.0,229135.0,0.3092655861293952,LOW,44.6,-79.38
North Simcoe Muskoka,Type 2 Diabetes,2034,Pessimistic,7633.0,15.0,6.0,78711.0,0.2304324774211908,LOW,44.6,-79.38
North Simcoe Muskoka,Hypertension,2034,Pessimistic,4240.0,8.0,4.0,40962.0,0.1028240292221059,LOW,44.6,-79.38
North Simcoe Muskoka,Stroke,2034,Pessimistic,3816.0,21.0,6.0,130604.0,0.3580999327708685,LOW,44.6,-79.38
North East,Pneumonia,2029,Reference,8737.0,46.0,14.0,230783.0,0.2800276955932995,LOW,46.49,-80.99
North East,Mental Health,2029,Reference,21591.0,108.0,27.0,323868.0,0.6711693650763983,LOW,46.49,-80.99
North East,Chronic Kidney Disease,2029,Reference,3455.0,35.0,12.0,223685.0,0.1763399771058039,LOW,46.49,-80.99
North East,Heart Failure,2029,Reference,5182.0,17.0,7.0,114679.0,0.2926504010932981,LOW,46.49,-80.99
North East,COPD,2029,Reference,6477.0,33.0,15.0,233340.0,0.2397775008672545,LOW,46.49,-80.99
North East,Type 2 Diabetes,2029,Reference,7773.0,15.0,6.0,80156.0,0.1786571996134928,LOW,46.49,-80.99
North East,Hypertension,2029,Reference,4318.0,9.0,4.0,41714.0,0.0797207638410263,LOW,46.49,-80.99
North East,Stroke,2029,Reference,3886.0,22.0,6.0,133002.0,0.2776393843723871,LOW,46.49,-80.99
North East,Pneumonia,2034,Reference,8785.0,46.0,14.0,232055.0,0.2887173545026939,LOW,46.49,-80.99
North East,Mental Health,2034,Reference,23606.0,118.0,30.0,354084.0,0.7524118236256687,LOW,46.49,-80.99
North East,Chronic Kidney Disease,2034,Reference,3777.0,38.0,13.0,244554.0,0.1976852500369765,LOW,46.49,-80.99
North East,Heart Failure,2034,Reference,5665.0,18.0,7.0,125378.0,0.3280746014775682,LOW,46.49,-80.99
North East,COPD,2034,Reference,7082.0,36.0,16.0,255111.0,0.2688016409560057,LOW,46.49,-80.99
North East,Type 2 Diabetes,2034,Reference,8498.0,16.0,6.0,87635.0,0.200282963376527,LOW,46.49,-80.99
North East,Hypertension,2034,Reference,4721.0,9.0,4.0,45606.0,0.0893706542992023,LOW,46.49,-80.99
North East,Stroke,2034,Reference,4249.0,24.0,7.0,145411.0,0.3112465591783335,LOW,46.49,-80.99
North East,Pneumonia,2029,Optimistic,8711.0,46.0,14.0,230092.0,0.2655731956268155,LOW,46.49,-80.99
North East,Mental Health,2029,Optimistic,21275.0,106.0,27.0,319124.0,0.6290838579225302,LOW,46.49,-80.99
North East,Chronic Kidney Disease,2029,Optimistic,3404.0,34.0,12.0,220408.0,0.165282622950263,LOW,46.49,-80.99
North East,Heart Failure,2029,Optimistic,5106.0,16.0,7.0,112999.0,0.274299830894981,LOW,46.49,-80.99
North East,COPD,2029,Optimistic,6382.0,32.0,15.0,229922.0,0.2247423126522251,LOW,46.49,-80.99
North East,Type 2 Diabetes,2029,Optimistic,7659.0,15.0,6.0,78982.0,0.1674545446002268,LOW,46.49,-80.99
North East,Hypertension,2029,Optimistic,4255.0,9.0,4.0,41103.0,0.0747218932853635,LOW,46.49,-80.99
North East,Stroke,2029,Optimistic,3829.0,21.0,6.0,131053.0,0.2602300762227674,LOW,46.49,-80.99
North East,Pneumonia,2034,Optimistic,8733.0,46.0,14.0,230668.0,0.2596805339848237,LOW,46.49,-80.99
North East,Mental Health,2034,Optimistic,22919.0,115.0,29.0,343787.0,0.6610106304909051,LOW,46.49,-80.99
North East,Chronic Kidney Disease,2034,Optimistic,3667.0,37.0,13.0,237442.0,0.1736709175249545,LOW,46.49,-80.99
North East,Heart Failure,2034,Optimistic,5501.0,18.0,7.0,121732.0,0.2882208816519474,LOW,46.49,-80.99
North East,COPD,2034,Optimistic,6876.0,35.0,16.0,247691.0,0.2361482589536192,LOW,46.49,-80.99
North East,Type 2 Diabetes,2034,Optimistic,8251.0,16.0,6.0,85086.0,0.1759530668459694,LOW,46.49,-80.99
North East,Hypertension,2034,Optimistic,4584.0,9.0,4.0,44280.0,0.0785141204467445,LOW,46.49,-80.99
North East,Stroke,2034,Optimistic,4125.0,23.0,6.0,141182.0,0.2734370697807523,LOW,46.49,-80.99
North East,Pneumonia,2029,Pessimistic,8777.0,46.0,14.0,231822.0,0.2958601945801445,LOW,46.49,-80.99
North East,Mental Health,2029,Pessimistic,22019.0,110.0,28.0,330281.0,0.7199162316350098,LOW,46.49,-80.99
North East,Chronic Kidney Disease,2029,Pessimistic,3523.0,35.0,12.0,228114.0,0.1891475064422282,LOW,46.49,-80.99
North East,Heart Failure,2029,Pessimistic,5284.0,17.0,7.0,116949.0,0.3139055280295451,LOW,46.49,-80.99
North East,COPD,2029,Pessimistic,6606.0,33.0,15.0,237961.0,0.2571924820131877,LOW,46.49,-80.99
North East,Type 2 Diabetes,2029,Pessimistic,7927.0,15.0,6.0,81743.0,0.1916330282529641,LOW,46.49,-80.99
North East,Hypertension,2029,Pessimistic,4404.0,9.0,4.0,42540.0,0.085510863388354,LOW,46.49,-80.99
North East,Stroke,2029,Pessimistic,3963.0,22.0,6.0,135635.0,0.2978042648416785,LOW,46.49,-80.99
North East,Pneumonia,2034,Pessimistic,8865.0,46.0,14.0,234149.0,0.3222878948593028,LOW,46.49,-80.99
North East,Mental Health,2034,Pessimistic,24550.0,123.0,31.0,368246.0,0.8656758300160984,LOW,46.49,-80.99
North East,Chronic Kidney Disease,2034,Pessimistic,3928.0,39.0,14.0,254335.0,0.2274437183656472,LOW,46.49,-80.99
North East,Heart Failure,2034,Pessimistic,5892.0,19.0,8.0,130392.0,0.3774611775407055,LOW,46.49,-80.99
North East,COPD,2034,Pessimistic,7365.0,37.0,17.0,265314.0,0.3092655861293952,LOW,46.49,-80.99
North East,Type 2 Diabetes,2034,Pessimistic,8838.0,17.0,6.0,91140.0,0.2304324774211908,LOW,46.49,-80.99
North East,Hypertension,2034,Pessimistic,4910.0,10.0,4.0,47430.0,0.1028240292221059,LOW,46.49,-80.99
North East,Stroke,2034,Pessimistic,4419.0,25.0,7.0,151226.0,0.3580999327708685,LOW,46.49,-80.99
North West,Pneumonia,2029,Reference,1191.0,6.0,2.0,31470.0,0.2800276955932995,LOW,48.38,-89.25
North West,Mental Health,2029,Reference,2944.0,15.0,4.0,44164.0,0.6711693650763983,LOW,48.38,-89.25
North West,Chronic Kidney Disease,2029,Reference,471.0,5.0,2.0,30502.0,0.1763399771058039,LOW,48.38,-89.25
North West,Heart Failure,2029,Reference,707.0,2.0,1.0,15638.0,0.2926504010932981,LOW,48.38,-89.25
North West,COPD,2029,Reference,883.0,4.0,2.0,31819.0,0.2397775008672545,LOW,48.38,-89.25
North West,Type 2 Diabetes,2029,Reference,1060.0,2.0,1.0,10930.0,0.1786571996134928,LOW,48.38,-89.25
North West,Hypertension,2029,Reference,589.0,1.0,0.0,5688.0,0.0797207638410263,LOW,48.38,-89.25
North West,Stroke,2029,Reference,530.0,3.0,1.0,18137.0,0.2776393843723871,LOW,48.38,-89.25
North West,Pneumonia,2034,Reference,1198.0,6.0,2.0,31644.0,0.2887173545026939,LOW,48.38,-89.25
North West,Mental Health,2034,Reference,3219.0,16.0,4.0,48284.0,0.7524118236256687,LOW,48.38,-89.25
North West,Chronic Kidney Disease,2034,Reference,515.0,5.0,2.0,33348.0,0.1976852500369765,LOW,48.38,-89.25
North West,Heart Failure,2034,Reference,773.0,2.0,1.0,17097.0,0.3280746014775682,LOW,48.38,-89.25
North West,COPD,2034,Reference,966.0,5.0,2.0,34788.0,0.2688016409560057,LOW,48.38,-89.25
North West,Type 2 Diabetes,2034,Reference,1159.0,2.0,1.0,11950.0,0.200282963376527,LOW,48.38,-89.25
North West,Hypertension,2034,Reference,644.0,1.0,1.0,6219.0,0.0893706542992023,LOW,48.38,-89.25
North West,Stroke,2034,Reference,579.0,3.0,1.0,19829.0,0.3112465591783335,LOW,48.38,-89.25
North West,Pneumonia,2029,Optimistic,1188.0,6.0,2.0,31376.0,0.2655731956268155,LOW,48.38,-89.25
North West,Mental Health,2029,Optimistic,2901.0,15.0,4.0,43517.0,0.6290838579225302,LOW,48.38,-89.25
North West,Chronic Kidney Disease,2029,Optimistic,464.0,5.0,2.0,30056.0,0.165282622950263,LOW,48.38,-89.25
North West,Heart Failure,2029,Optimistic,696.0,2.0,1.0,15409.0,0.274299830894981,LOW,48.38,-89.25
North West,COPD,2029,Optimistic,870.0,4.0,2.0,31353.0,0.2247423126522251,LOW,48.38,-89.25
North West,Type 2 Diabetes,2029,Optimistic,1044.0,2.0,1.0,10770.0,0.1674545446002268,LOW,48.38,-89.25
North West,Hypertension,2029,Optimistic,580.0,1.0,0.0,5605.0,0.0747218932853635,LOW,48.38,-89.25
North West,Stroke,2029,Optimistic,522.0,3.0,1.0,17871.0,0.2602300762227674,LOW,48.38,-89.25
North West,Pneumonia,2034,Optimistic,1191.0,6.0,2.0,31455.0,0.2596805339848237,LOW,48.38,-89.25
North West,Mental Health,2034,Optimistic,3125.0,16.0,4.0,46880.0,0.6610106304909051,LOW,48.38,-89.25
North West,Chronic Kidney Disease,2034,Optimistic,500.0,5.0,2.0,32378.0,0.1736709175249545,LOW,48.38,-89.25
North West,Heart Failure,2034,Optimistic,750.0,2.0,1.0,16600.0,0.2882208816519474,LOW,48.38,-89.25
North West,COPD,2034,Optimistic,938.0,5.0,2.0,33776.0,0.2361482589536192,LOW,48.38,-89.25
North West,Type 2 Diabetes,2034,Optimistic,1125.0,2.0,1.0,11603.0,0.1759530668459694,LOW,48.38,-89.25
North West,Hypertension,2034,Optimistic,625.0,1.0,1.0,6038.0,0.0785141204467445,LOW,48.38,-89.25
North West,Stroke,2034,Optimistic,563.0,3.0,1.0,19252.0,0.2734370697807523,LOW,48.38,-89.25
North West,Pneumonia,2029,Pessimistic,1197.0,6.0,2.0,31612.0,0.2958601945801445,LOW,48.38,-89.25
North West,Mental Health,2029,Pessimistic,3003.0,15.0,4.0,45038.0,0.7199162316350098,LOW,48.38,-89.25
North West,Chronic Kidney Disease,2029,Pessimistic,480.0,5.0,2.0,31106.0,0.1891475064422282,LOW,48.38,-89.25
North West,Heart Failure,2029,Pessimistic,721.0,2.0,1.0,15948.0,0.3139055280295451,LOW,48.38,-89.25
North West,COPD,2029,Pessimistic,901.0,5.0,2.0,32449.0,0.2571924820131877,LOW,48.38,-89.25
North West,Type 2 Diabetes,2029,Pessimistic,1081.0,2.0,1.0,11147.0,0.1916330282529641,LOW,48.38,-89.25
North West,Hypertension,2029,Pessimistic,601.0,1.0,1.0,5801.0,0.085510863388354,LOW,48.38,-89.25
North West,Stroke,2029,Pessimistic,540.0,3.0,1.0,18496.0,0.2978042648416785,LOW,48.38,-89.25
North West,Pneumonia,2034,Pessimistic,1209.0,6.0,2.0,31929.0,0.3222878948593028,LOW,48.38,-89.25
North West,Mental Health,2034,Pessimistic,3348.0,17.0,4.0,50215.0,0.8656758300160984,LOW,48.38,-89.25
North West,Chronic Kidney Disease,2034,Pessimistic,536.0,5.0,2.0,34682.0,0.2274437183656472,LOW,48.38,-89.25
North West,Heart Failure,2034,Pessimistic,803.0,3.0,1.0,17781.0,0.3774611775407055,LOW,48.38,-89.25
North West,COPD,2034,Pessimistic,1004.0,5.0,2.0,36179.0,0.3092655861293952,LOW,48.38,-89.25
North West,Type 2 Diabetes,2034,Pessimistic,1205.0,2.0,1.0,12428.0,0.2304324774211908,LOW,48.38,-89.25
North West,Hypertension,2034,Pessimistic,670.0,1.0,1.0,6468.0,0.1028240292221059,LOW,48.38,-89.25
North West,Stroke,2034,Pessimistic,603.0,3.0,1.0,20622.0,0.3580999327708685,LOW,48.38,-89.25
